id,code,name,category_id,cost,fling_power,enabled
1,master-ball,大师球,34,0,,true
2,ultra-ball,高级球,34,800,,true
3,great-ball,超级球,34,600,,true
4,poke-ball,精灵球,34,200,,true
5,safari-ball,狩猎球,34,0,,true
6,net-ball,捕网球,33,1000,,true
7,dive-ball,潜水球,33,1000,,true
8,nest-ball,巢穴球,33,1000,,true
9,repeat-ball,重复球,33,1000,,true
10,timer-ball,计时球,33,1000,,true
11,luxury-ball,豪华球,33,3000,,true
12,premier-ball,纪念球,33,20,,true
13,dusk-ball,黑暗球,33,1000,,true
14,heal-ball,治愈球,33,300,,true
15,quick-ball,先机球,33,1000,,true
16,cherish-ball,贵重球,33,0,,true
17,potion,伤药,27,200,30,true
18,antidote,解毒药,30,200,30,true
19,burn-heal,灼伤药,30,200,30,true
20,ice-heal,解冻药,30,200,30,true
21,awakening,解眠药,30,200,30,true
22,paralyze-heal,解麻药,30,200,30,true
23,full-restore,全复药,27,3000,30,true
24,max-potion,全满药,27,2500,30,true
25,hyper-potion,厉害伤药,27,1500,30,true
26,super-potion,好伤药,27,700,30,true
27,full-heal,万灵药,30,400,30,true
28,revive,活力碎片,29,2000,30,true
29,max-revive,活力块,29,4000,30,true
30,fresh-water,美味之水,27,200,30,true
31,soda-pop,劲爽汽水,27,300,30,true
32,lemonade,果汁牛奶,27,400,30,true
33,moomoo-milk,哞哞鲜奶,27,600,30,true
34,energy-powder,元气粉,27,500,30,true
35,energy-root,元气根,27,1200,30,true
36,heal-powder,万能粉,30,300,30,true
37,revival-herb,复活草,29,2800,30,true
38,ether,ＰＰ单项小补剂,28,1200,30,true
39,max-ether,ＰＰ单项全补剂,28,2000,30,true
40,elixir,ＰＰ多项小补剂,28,3000,30,true
41,max-elixir,ＰＰ多项全补剂,28,4500,30,true
42,lava-cookie,釜炎仙贝,30,350,30,true
43,berry-juice,树果汁,27,200,30,true
44,sacred-ash,圣灰,29,50000,30,true
45,hp-up,ＨＰ增强剂,26,10000,30,true
46,protein,攻击增强剂,26,10000,30,true
47,iron,防御增强剂,26,10000,30,true
48,carbos,速度增强剂,26,10000,30,true
49,calcium,特攻增强剂,26,10000,30,true
50,rare-candy,神奇糖果,26,10000,30,true
51,pp-up,ＰＰ提升剂,26,10000,30,true
52,zinc,特防增强剂,26,10000,30,true
53,pp-max,ＰＰ极限提升剂,26,10000,30,true
54,old-gateau,森之羊羹,30,350,30,true
55,guard-spec,能力防守,1,1500,30,true
56,dire-hit,要害攻击,1,1000,30,true
57,x-attack,力量强化,1,1000,30,true
58,x-defense,防御强化,1,2000,30,true
59,x-speed,速度强化,1,1000,30,true
60,x-accuracy,命中强化,1,1000,30,true
61,x-sp-atk,特攻强化,1,1000,30,true
62,x-sp-def,特防强化,1,2000,30,true
63,poke-doll,皮皮玩偶,11,300,30,true
64,fluffy-tail,向尾喵的尾巴,11,100,30,true
65,blue-flute,蓝色玻璃哨,38,20,30,true
66,yellow-flute,黄色玻璃哨,38,20,30,true
67,red-flute,红色玻璃哨,38,20,30,true
68,black-flute,黑色玻璃哨,11,20,30,true
69,white-flute,白色玻璃哨,11,20,30,true
70,shoal-salt,浅滩海盐,9,20,30,true
71,shoal-shell,浅滩贝壳,9,20,30,true
72,red-shard,红色碎片,9,1000,30,true
73,blue-shard,蓝色碎片,9,1000,30,true
74,yellow-shard,黄色碎片,9,1000,30,true
75,green-shard,绿色碎片,9,1000,30,true
76,super-repel,白银喷雾,11,700,30,true
77,max-repel,黄金喷雾,11,900,30,true
78,escape-rope,离洞绳,11,300,30,true
79,repel,除虫喷雾,11,400,30,true
80,sun-stone,日之石,10,3000,30,true
81,moon-stone,月之石,10,3000,30,true
82,fire-stone,火之石,10,3000,30,true
83,thunder-stone,雷之石,10,3000,30,true
84,water-stone,水之石,10,3000,30,true
85,leaf-stone,叶之石,10,3000,30,true
86,tiny-mushroom,小蘑菇,24,500,30,true
87,big-mushroom,大蘑菇,24,5000,30,true
88,pearl,珍珠,24,2000,30,true
89,big-pearl,大珍珠,24,8000,30,true
90,stardust,星星沙子,24,3000,30,true
91,star-piece,星星碎片,24,12000,30,true
92,nugget,金珠,24,10000,30,true
93,heart-scale,心之鳞片,9,100,30,true
94,honey,甜甜蜜,35,900,30,true
95,growth-mulch,速速肥,32,200,30,true
96,damp-mulch,湿湿肥,32,200,30,true
97,stable-mulch,久久肥,32,200,30,true
98,gooey-mulch,粘粘肥,32,200,30,true
99,root-fossil,根状化石,35,7000,100,true
100,claw-fossil,爪子化石,35,7000,100,true
101,helix-fossil,贝壳化石,35,7000,100,true
102,dome-fossil,甲壳化石,35,7000,100,true
103,old-amber,秘密琥珀,35,10000,100,true
104,armor-fossil,盾甲化石,35,7000,100,true
105,skull-fossil,头盖化石,35,7000,100,true
106,rare-bone,贵重骨头,24,5000,100,true
107,shiny-stone,光之石,10,3000,80,true
108,dusk-stone,暗之石,10,3000,80,true
109,dawn-stone,觉醒之石,10,3000,80,true
110,oval-stone,浑圆之石,10,2000,80,true
111,odd-keystone,楔石,35,2100,80,true
112,adamant-orb,金刚宝珠,18,0,60,true
113,lustrous-orb,白玉宝珠,18,0,60,true
114,grass-mail,青草邮件,25,50,,true
115,flame-mail,火焰邮件,25,50,,true
116,bubble-mail,泡泡邮件,25,50,,true
117,bloom-mail,花朵邮件,25,50,,true
118,tunnel-mail,地道邮件,25,50,,true
119,steel-mail,钢铁邮件,25,50,,true
120,heart-mail,爱心邮件,25,50,,true
121,snow-mail,雪花邮件,25,50,,true
122,space-mail,宇宙邮件,25,50,,true
123,air-mail,空气邮件,25,50,,true
124,mosaic-mail,马赛克邮件,25,50,,true
125,brick-mail,砖块邮件,25,50,,true
126,cheri-berry,樱子果,3,80,10,true
127,chesto-berry,零余果,3,80,10,true
128,pecha-berry,桃桃果,3,80,10,true
129,rawst-berry,莓莓果,3,80,10,true
130,aspear-berry,利木果,3,80,10,true
131,leppa-berry,苹野果,3,80,10,true
132,oran-berry,橙橙果,3,80,10,true
133,persim-berry,柿仔果,3,80,10,true
134,lum-berry,木子果,3,80,10,true
135,sitrus-berry,文柚果,3,80,10,true
136,figy-berry,勿花果,6,80,10,true
137,wiki-berry,异奇果,6,80,10,true
138,mago-berry,芒芒果,6,80,10,true
139,aguav-berry,乐芭果,6,80,10,true
140,iapapa-berry,芭亚果,6,80,10,true
141,razz-berry,蔓莓果,8,200,10,true
142,bluk-berry,墨莓果,8,20,10,true
143,nanab-berry,蕉香果,8,200,10,true
144,wepear-berry,西梨果,8,20,10,true
145,pinap-berry,凰梨果,8,200,10,true
146,pomeg-berry,榴石果,2,80,10,true
147,kelpsy-berry,藻根果,2,80,10,true
148,qualot-berry,比巴果,2,80,10,true
149,hondew-berry,哈密果,2,80,10,true
150,grepa-berry,萄葡果,2,80,10,true
151,tamato-berry,茄番果,2,80,10,true
152,cornn-berry,玉黍果,8,20,10,true
153,magost-berry,岳竹果,8,20,10,true
154,rabuta-berry,茸丹果,8,20,10,true
155,nomel-berry,檬柠果,8,20,10,true
156,spelon-berry,刺角果,8,20,10,true
157,pamtre-berry,椰木果,8,20,10,true
158,watmel-berry,瓜西果,8,20,10,true
159,durin-berry,金枕果,8,20,10,true
160,belue-berry,靛莓果,8,20,10,true
161,occa-berry,巧可果,7,80,10,true
162,passho-berry,千香果,7,80,10,true
163,wacan-berry,烛木果,7,80,10,true
164,rindo-berry,罗子果,7,80,10,true
165,yache-berry,番荔果,7,80,10,true
166,chople-berry,莲蒲果,7,80,10,true
167,kebia-berry,通通果,7,80,10,true
168,shuca-berry,腰木果,7,80,10,true
169,coba-berry,棱瓜果,7,80,10,true
170,payapa-berry,福禄果,7,80,10,true
171,tanga-berry,扁樱果,7,80,10,true
172,charti-berry,草蚕果,7,80,10,true
173,kasib-berry,佛柑果,7,80,10,true
174,haban-berry,莓榴果,7,80,10,true
175,colbur-berry,刺耳果,7,80,10,true
176,babiri-berry,霹霹果,7,80,10,true
177,chilan-berry,灯浆果,7,80,10,true
178,liechi-berry,枝荔果,5,80,10,true
179,ganlon-berry,龙睛果,5,80,10,true
180,salac-berry,沙鳞果,5,80,10,true
181,petaya-berry,龙火果,5,80,10,true
182,apicot-berry,杏仔果,5,80,10,true
183,lansat-berry,兰萨果,5,80,10,true
184,starf-berry,星桃果,5,80,10,true
185,enigma-berry,谜芝果,4,80,10,true
186,micle-berry,奇秘果,5,80,10,true
187,custap-berry,释陀果,5,80,10,true
188,jaboca-berry,嘉珍果,4,80,10,true
189,rowap-berry,雾莲果,4,80,10,true
190,bright-powder,光粉,12,4000,10,true
191,white-herb,白色香草,12,4000,10,true
192,macho-brace,强制锻炼器,14,3000,60,true
193,exp-share,学习装置,16,0,,true
194,quick-claw,先制之爪,12,4000,80,true
195,soothe-bell,安抚之铃,16,4000,10,true
196,mental-herb,心灵香草,12,4000,10,true
197,choice-band,讲究头带,13,4000,10,true
198,kings-rock,王者之证,12,5000,30,true
199,silver-powder,银粉,19,1000,10,true
200,amulet-coin,护符金币,16,10000,30,true
201,cleanse-tag,洁净之符,16,5000,30,true
202,soul-dew,心之水滴,18,0,30,true
203,deep-sea-tooth,深海之牙,18,2000,90,true
204,deep-sea-scale,深海鳞片,18,2000,30,true
205,smoke-ball,烟雾球,12,4000,30,true
206,everstone,不变之石,16,3000,30,true
207,focus-band,气势头带,12,4000,10,true
208,lucky-egg,幸运蛋,16,10000,30,true
209,scope-lens,焦点镜,12,4000,30,true
210,metal-coat,金属膜,19,2000,30,true
211,leftovers,吃剩的东西,12,4000,10,true
212,dragon-scale,龙之鳞片,10,2000,30,true
213,light-ball,电气球,18,1000,30,true
214,soft-sand,柔软沙子,19,1000,10,true
215,hard-stone,硬石头,19,1000,100,true
216,miracle-seed,奇迹种子,19,1000,30,true
217,black-glasses,黑色眼镜,19,1000,30,true
218,black-belt,黑带,19,1000,30,true
219,magnet,磁铁,19,1000,30,true
220,mystic-water,神秘水滴,19,1000,30,true
221,sharp-beak,锐利鸟嘴,19,1000,50,true
222,poison-barb,毒针,19,1000,70,true
223,never-melt-ice,不融冰,19,1000,30,true
224,spell-tag,诅咒之符,19,1000,30,true
225,twisted-spoon,弯曲的汤匙,19,1000,30,true
226,charcoal,木炭,19,1000,30,true
227,dragon-fang,龙之牙,19,1000,70,true
228,silk-scarf,丝绸围巾,19,1000,10,true
229,up-grade,升级数据,10,2000,30,true
230,shell-bell,贝壳之铃,12,4000,30,true
231,sea-incense,海潮薰香,19,2000,10,true
232,lax-incense,悠闲薰香,12,5000,10,true
233,lucky-punch,吉利拳,18,1000,40,true
234,metal-powder,金属粉,18,1000,10,true
235,thick-club,粗骨头,18,1000,90,true
236,stick,大葱,18,1000,60,true
237,red-scarf,红色头巾,36,100,10,true
238,blue-scarf,蓝色头巾,36,100,10,true
239,pink-scarf,粉红头巾,36,100,10,true
240,green-scarf,绿色头巾,36,100,10,true
241,yellow-scarf,黄色头巾,36,100,10,true
242,wide-lens,广角镜,12,4000,10,true
243,muscle-band,力量头带,12,4000,10,true
244,wise-glasses,博识眼镜,12,4000,10,true
245,expert-belt,达人带,12,4000,10,true
246,light-clay,光之黏土,12,4000,30,true
247,life-orb,生命宝珠,12,4000,30,true
248,power-herb,强力香草,12,4000,10,true
249,toxic-orb,剧毒宝珠,15,4000,30,true
250,flame-orb,火焰宝珠,15,4000,30,true
251,quick-powder,速度粉,18,1000,10,true
252,focus-sash,气势披带,12,4000,10,true
253,zoom-lens,对焦镜,12,4000,10,true
254,metronome,节拍器,12,4000,30,true
255,iron-ball,黑色铁球,15,4000,130,true
256,lagging-tail,后攻之尾,15,4000,10,true
257,destiny-knot,红线,12,4000,10,true
258,black-sludge,黑色污泥,12,4000,30,true
259,icy-rock,冰冷岩石,12,4000,40,true
260,smooth-rock,沙沙岩石,12,4000,10,true
261,heat-rock,炽热岩石,12,4000,60,true
262,damp-rock,潮湿岩石,12,4000,60,true
263,grip-claw,紧缠钩爪,12,4000,90,true
264,choice-scarf,讲究围巾,13,4000,10,true
265,sticky-barb,附着针,15,4000,80,true
266,power-bracer,力量护腕,14,3000,70,true
267,power-belt,力量腰带,14,3000,70,true
268,power-lens,力量镜,14,3000,70,true
269,power-band,力量束带,14,3000,70,true
270,power-anklet,力量护踝,14,3000,70,true
271,power-weight,力量负重,14,3000,70,true
272,shed-shell,美丽空壳,12,4000,10,true
273,big-root,大根茎,12,4000,10,true
274,choice-specs,讲究眼镜,13,4000,10,true
275,flame-plate,火球石板,17,1000,90,true
276,splash-plate,水滴石板,17,1000,90,true
277,zap-plate,雷电石板,17,1000,90,true
278,meadow-plate,碧绿石板,17,1000,90,true
279,icicle-plate,冰柱石板,17,1000,90,true
280,fist-plate,拳头石板,17,1000,90,true
281,toxic-plate,剧毒石板,17,1000,90,true
282,earth-plate,大地石板,17,1000,90,true
283,sky-plate,蓝天石板,17,1000,90,true
284,mind-plate,神奇石板,17,1000,90,true
285,insect-plate,玉虫石板,17,1000,90,true
286,stone-plate,岩石石板,17,1000,90,true
287,spooky-plate,妖怪石板,17,1000,90,true
288,draco-plate,龙之石板,17,1000,90,true
289,dread-plate,恶颜石板,17,1000,90,true
290,iron-plate,钢铁石板,17,1000,90,true
291,odd-incense,奇异薰香,19,2000,10,true
292,rock-incense,岩石薰香,19,2000,10,true
293,full-incense,饱腹薰香,15,5000,10,true
294,wave-incense,涟漪薰香,19,2000,10,true
295,rose-incense,花朵薰香,19,2000,10,true
296,luck-incense,幸运薰香,16,11000,10,true
297,pure-incense,洁净薰香,16,6000,10,true
298,protector,护具,10,2000,80,true
299,electirizer,电力增幅器,10,2000,80,true
300,magmarizer,熔岩增幅器,10,2000,80,true
301,dubious-disc,可疑补丁,10,2000,50,true
302,reaper-cloth,灵界之布,10,2000,10,true
303,razor-claw,锐利之爪,12,5000,80,true
304,razor-fang,锐利之牙,12,5000,30,true
305,tm01,技能学习器０１,37,40000,,true
306,tm02,技能学习器０２,37,1000,,true
307,tm03,技能学习器０３,37,50000,,true
308,tm04,技能学习器０４,37,50000,,true
309,tm05,技能学习器０５,37,50000,,true
310,tm06,技能学习器０６,37,1000,,true
311,tm07,技能学习器０７,37,1000,,true
312,tm08,技能学习器０８,37,50000,,true
313,tm09,技能学习器０９,37,50000,,true
314,tm10,技能学习器１０,37,1000,,true
315,tm11,技能学习器１１,37,1000,,true
316,tm12,技能学习器１２,37,50000,,true
317,tm13,技能学习器１３,37,10000,,true
318,tm14,技能学习器１４,37,1000,,true
319,tm15,技能学习器１５,37,1000,,true
320,tm16,技能学习器１６,37,1000,,true
321,tm17,技能学习器１７,37,10000,,true
322,tm18,技能学习器１８,37,10000,,true
323,tm19,技能学习器１９,37,10000,,true
324,tm20,技能学习器２０,37,100000,,true
325,tm21,技能学习器２１,37,1000,,true
326,tm22,技能学习器２２,37,1000,,true
327,tm23,技能学习器２３,37,10000,,true
328,tm24,技能学习器２４,37,1000,,true
329,tm25,技能学习器２５,37,10000,,true
330,tm26,技能学习器２６,37,1000,,true
331,tm27,技能学习器２７,37,1000,,true
332,tm28,技能学习器２８,37,100000,,true
333,tm29,技能学习器２９,37,1000,,true
334,tm30,技能学习器３０,37,1000,,true
335,tm31,技能学习器３１,37,1000,,true
336,tm32,技能学习器３２,37,10000,,true
337,tm33,技能学习器３３,37,10000,,true
338,tm34,技能学习器３４,37,10000,,true
339,tm35,技能学习器３５,37,10000,,true
340,tm36,技能学习器３６,37,1000,,true
341,tm37,技能学习器３７,37,1000,,true
342,tm38,技能学习器３８,37,1000,,true
343,tm39,技能学习器３９,37,1000,,true
344,tm40,技能学习器４０,37,1000,,true
345,tm41,技能学习器４１,37,10000,,true
346,tm42,技能学习器４２,37,1000,,true
347,tm43,技能学习器４３,37,1000,,true
348,tm44,技能学习器４４,37,100000,,true
349,tm45,技能学习器４５,37,1000,,true
350,tm46,技能学习器４６,37,30000,,true
351,tm47,技能学习器４７,37,1000,,true
352,tm48,技能学习器４８,37,1000,,true
353,tm49,技能学习器４９,37,1000,,true
354,tm50,技能学习器５０,37,10000,,true
355,tm51,技能学习器５１,37,1000,,true
356,tm52,技能学习器５２,37,100000,,true
357,tm53,技能学习器５３,37,1000,,true
358,tm54,技能学习器５４,37,1000,,true
359,tm55,技能学习器５５,37,10000,,true
360,tm56,技能学习器５６,37,1000,,true
361,tm57,技能学习器５７,37,1000,,true
362,tm58,技能学习器５８,37,1000,,true
363,tm59,技能学习器５９,37,100000,,true
364,tm60,技能学习器６０,37,30000,,true
365,tm61,技能学习器６１,37,30000,,true
366,tm62,技能学习器６２,37,30000,,true
367,tm63,技能学习器６３,37,50000,,true
368,tm64,技能学习器６４,37,1000,,true
369,tm65,技能学习器６５,37,1000,,true
370,tm66,技能学习器６６,37,30000,,true
371,tm67,技能学习器６７,37,30000,,true
372,tm68,技能学习器６８,37,30000,,true
373,tm69,技能学习器６９,37,1000,,true
374,tm70,技能学习器７０,37,50000,,true
375,tm71,技能学习器７１,37,50000,,true
376,tm72,技能学习器７２,37,50000,,true
377,tm73,技能学习器７３,37,1000,,true
378,tm74,技能学习器７４,37,1000,,true
379,tm75,技能学习器７５,37,1000,,true
380,tm76,技能学习器７６,37,10000,,true
381,tm77,技能学习器７７,37,1000,,true
382,tm78,技能学习器７８,37,1000,,true
383,tm79,技能学习器７９,37,1000,,true
384,tm80,技能学习器８０,37,1000,,true
385,tm81,技能学习器８１,37,1000,,true
386,tm82,技能学习器８２,37,1000,,true
387,tm83,技能学习器８３,37,100000,,true
388,tm84,技能学习器８４,37,1000,,true
389,tm85,技能学习器８５,37,1000,,true
390,tm86,技能学习器８６,37,1000,,true
391,tm87,技能学习器８７,37,1000,,true
392,tm88,技能学习器８８,37,20000,,true
393,tm89,技能学习器８９,37,20000,,true
394,tm90,技能学习器９０,37,20000,,true
395,tm91,技能学习器９１,37,20000,,true
396,tm92,技能学习器９２,37,100000,,true
397,hm01,秘传学习器０１,37,0,,true
398,hm02,秘传学习器０２,37,0,,true
399,hm03,秘传学习器０３,37,0,,true
400,hm04,秘传学习器０４,37,0,,true
401,hm05,秘传学习器０５,37,0,,true
402,hm06,秘传学习器０６,37,0,,true
403,hm07,秘传学习器０７,37,0,,true
404,hm08,秘传机器 08,37,0,,true
405,explorer-kit,探险套装,21,0,,true
406,loot-sack,宝物袋,23,0,,true
407,rule-book,规则书,23,0,,true
408,poke-radar,宝可追踪,21,0,,true
409,point-card,点数卡,21,0,,true
410,journal,冒险笔记,21,0,,true
411,seal-case,贴纸盒,21,0,,true
412,fashion-case,饰品盒,21,0,,true
413,seal-bag,贴纸袋,23,0,,true
414,pal-pad,朋友手册,21,0,,true
415,works-key,发电厂钥匙,22,0,,true
416,old-charm,古代护符,22,0,,true
417,galactic-key,银河队钥匙,22,0,,true
418,red-chain,红色锁链,23,0,,true
419,town-map,城镇地图,21,0,,true
420,vs-seeker,对战搜寻器,21,0,,true
421,coin-case,代币盒,21,0,,true
422,old-rod,破旧钓竿,21,0,,true
423,good-rod,好钓竿,21,0,,true
424,super-rod,厉害钓竿,21,0,,true
425,sprayduck,可达鸭喷壶,21,0,,true
426,poffin-case,宝芬盒,21,0,,true
427,bicycle,自行车,21,0,,true
428,suite-key,房间钥匙,20,0,,true
429,oaks-letter,大木的信,20,0,,true
430,lunar-wing,新月之羽,20,0,,true
431,member-card,会员卡,20,0,,true
432,azure-flute,天界之笛,20,0,,true
433,ss-ticket,船票,22,0,,true
434,contest-pass,华丽大赛参加证,21,0,,true
435,magma-stone,火山镇石,22,0,,true
436,parcel,包裹,22,0,,true
437,coupon-1,兑换券１,22,0,,true
438,coupon-2,兑换券２,22,0,,true
439,coupon-3,兑换券３,22,0,,true
440,storage-key,仓库钥匙,22,0,,true
441,secret-potion,秘传之药,22,0,,true
442,griseous-orb,白金宝珠,18,0,60,true
443,vs-recorder,对战记录器,21,0,,true
444,gracidea,葛拉西蒂亚花,20,0,,true
445,secret-key,秘密钥匙,20,0,,true
446,apricorn-box,球果盒,21,0,,true
447,berry-pots,树果种植盆,21,0,,true
448,squirt-bottle,杰尼龟喷壶,22,0,,true
449,lure-ball,诱饵球,39,0,,true
450,level-ball,等级球,39,0,,true
451,moon-ball,月亮球,39,0,,true
452,heavy-ball,沉重球,39,0,,true
453,fast-ball,速度球,39,0,,true
454,friend-ball,友友球,39,0,,true
455,love-ball,甜蜜球,39,0,,true
456,park-ball,公园球,34,0,,true
457,sport-ball,竞赛球,34,300,,true
458,red-apricorn,红球果,40,200,10,true
459,blue-apricorn,蓝球果,40,200,10,true
460,yellow-apricorn,黄球果,40,200,10,true
461,green-apricorn,绿球果,40,200,10,true
462,pink-apricorn,粉球果,40,200,10,true
463,white-apricorn,白球果,40,200,10,true
464,black-apricorn,黑球果,40,200,10,true
465,dowsing-machine,探宝器,21,0,,true
466,rage-candy-bar,愤怒馒头,21,350,30,true
467,red-orb,朱红色宝珠,22,0,,true
468,blue-orb,靛蓝色宝珠,22,0,,true
469,jade-orb,草绿色宝珠,22,0,,true
470,enigma-stone,谜之水晶,20,0,,true
471,unown-report,未知图腾笔记,21,0,,true
472,blue-card,蓝卡,21,0,,true
473,slowpoke-tail,美味尾巴,23,0,,true
474,clear-bell,透明铃铛,22,0,,true
475,card-key,钥匙卡,22,0,,true
476,basement-key,地下钥匙,22,0,,true
477,red-scale,红色鳞片,22,0,,true
478,lost-item,遗失物,22,0,,true
479,pass,磁浮列车自由票,22,0,,true
480,machine-part,机械零件,22,0,,true
481,silver-wing,银色之羽,22,0,,true
482,rainbow-wing,虹色之羽,22,0,,true
483,mystery-egg,神奇蛋,22,0,,true
484,gb-sounds,ＧＢ播放器,21,0,,true
485,tidal-bell,海声铃铛,22,0,,true
486,data-card-01,数据卡０１,41,0,,true
487,data-card-02,数据卡０２,41,0,,true
488,data-card-03,数据卡０３,41,0,,true
489,data-card-04,数据卡０４,41,0,,true
490,data-card-05,数据卡０５,41,0,,true
491,data-card-06,数据卡０６,41,0,,true
492,data-card-07,数据卡０７,41,0,,true
493,data-card-08,数据卡０８,41,0,,true
494,data-card-09,数据卡０９,41,0,,true
495,data-card-10,数据卡１０,41,0,,true
496,data-card-11,数据卡１１,41,0,,true
497,data-card-12,数据卡１２,41,0,,true
498,data-card-13,数据卡１３,41,0,,true
499,data-card-14,数据卡１４,41,0,,true
500,data-card-15,数据卡１５,41,0,,true
501,data-card-16,数据卡１６,41,0,,true
502,data-card-17,数据卡１７,41,0,,true
503,data-card-18,数据卡１８,41,0,,true
504,data-card-19,数据卡１９,41,0,,true
505,data-card-20,数据卡２０,41,0,,true
506,data-card-21,数据卡２１,41,0,,true
507,data-card-22,数据卡２２,41,0,,true
508,data-card-23,数据卡２３,41,0,,true
509,data-card-24,数据卡２４,41,0,,true
510,data-card-25,数据卡２５,41,0,,true
511,data-card-26,数据卡２６,41,0,,true
512,data-card-27,数据卡２７,41,0,,true
513,lock-capsule,上锁的容器,23,0,,true
514,photo-album,相册,23,0,,true
515,orange-mail,橙色邮件,25,50,,true
516,harbor-mail,港口邮件,25,50,,true
517,glitter-mail,闪光邮件,25,50,,true
518,mech-mail,机械邮件,25,50,,true
519,wood-mail,木质邮件,25,50,,true
520,wave-mail,波浪邮件,25,50,,true
521,bead-mail,珠子邮件,25,50,,true
522,shadow-mail,暗影邮件,25,50,,true
523,tropic-mail,热带邮件,25,50,,true
524,dream-mail,梦境邮件,25,50,,true
525,fab-mail,华丽邮件,25,50,,true
526,retro-mail,复古邮件,25,0,,true
527,mach-bike,音速自行车,21,0,,true
528,acro-bike,越野自行车,21,0,,true
529,wailmer-pail,吼吼鲸喷壶,21,0,,true
530,devon-goods,得文物品,22,0,,true
531,soot-sack,集灰袋,21,0,,true
532,pokeblock-case,方块盒,21,0,,true
533,letter,给大吾的信,22,0,,true
534,eon-ticket,无限船票,20,0,,true
535,scanner,探测器,22,0,,true
536,go-goggles,ＧＯＧＯ护目镜,21,0,,true
537,meteorite,陨石,22,0,,true
538,rm-1-key,第 1 房钥匙,22,0,,true
539,rm-2-key,第 2 房钥匙,22,0,,true
540,rm-4-key,第 4 房钥匙,22,0,,true
541,rm-6-key,第 6 房钥匙,22,0,,true
542,devon-scope,得文侦测镜,21,0,,true
543,oaks-parcel,大木包裹,22,0,,true
544,poke-flute,精灵之笛,22,0,,true
545,bike-voucher,自行车兑换券,22,0,,true
546,gold-teeth,金假牙,22,0,,true
547,lift-key,电梯钥匙,22,0,,true
548,silph-scope,西尔佛检视镜,22,0,,true
549,fame-checker,名人检测器,21,0,,true
550,tm-case,技能学习器盒,21,0,,true
551,berry-pouch,树果袋,21,0,,true
552,teachy-tv,教学电视,21,0,,true
553,tri-pass,三岛通行证,22,0,,true
554,rainbow-pass,彩虹通行证,22,0,,true
555,tea,茶,22,0,,true
556,mysticticket,神秘船票,20,0,,true
557,auroraticket,极光船票,20,0,,true
558,powder-jar,粉末收纳罐,21,0,,true
559,ruby,红宝石,22,0,,true
560,sapphire,蓝宝石,22,0,,true
561,magma-emblem,熔岩标志,22,0,,true
562,old-sea-map,古老海图,20,0,,true
563,douse-drive,水流卡带,18,0,70,true
564,shock-drive,闪电卡带,18,0,70,true
565,burn-drive,火焰卡带,18,0,70,true
566,chill-drive,冰冻卡带,18,0,70,true
567,sweet-heart,心形甜点,27,3000,30,true
568,greet-mail,初次邮件,25,50,,true
569,favored-mail,喜爱邮件,25,50,,true
570,rsvp-mail,邀请邮件,25,50,,true
571,thanks-mail,感谢邮件,25,50,,true
572,inquiry-mail,询问邮件,25,50,,true
573,like-mail,推荐邮件,25,50,,true
574,reply-mail,回复邮件,25,50,,true
575,bridge-mail-s,桥梁邮件Ｓ,25,50,,true
576,bridge-mail-d,桥梁邮件Ｈ,25,50,,true
577,bridge-mail-t,桥梁邮件Ｃ,25,50,,true
578,bridge-mail-v,桥梁邮件Ｖ,25,50,,true
579,bridge-mail-m,桥梁邮件Ｗ,25,50,,true
580,prism-scale,美丽鳞片,10,2000,30,true
581,eviolite,进化奇石,12,4000,40,true
582,float-stone,轻石,12,4000,30,true
583,rocky-helmet,凸凸头盔,12,4000,60,true
584,air-balloon,气球,12,4000,10,true
585,red-card,红牌,12,4000,10,true
586,ring-target,标靶,12,4000,10,true
587,binding-band,紧绑束带,12,4000,30,true
588,absorb-bulb,球根,12,4000,30,true
589,cell-battery,充电电池,12,4000,30,true
590,eject-button,逃脱按键,12,4000,30,true
591,fire-gem,火之宝石,42,200,,true
592,water-gem,水之宝石,42,200,,true
593,electric-gem,电之宝石,42,200,,true
594,grass-gem,草之宝石,42,200,,true
595,ice-gem,冰之宝石,42,200,,true
596,fighting-gem,格斗宝石,42,200,,true
597,poison-gem,毒之宝石,42,200,,true
598,ground-gem,地面宝石,42,200,,true
599,flying-gem,飞行宝石,42,200,,true
600,psychic-gem,超能力宝石,42,200,,true
601,bug-gem,虫之宝石,42,200,,true
602,rock-gem,岩石宝石,42,200,,true
603,ghost-gem,幽灵宝石,42,200,,true
604,dark-gem,恶之宝石,42,200,,true
605,steel-gem,钢之宝石,42,200,,true
606,health-wing,体力之羽,26,300,20,true
607,muscle-wing,肌力之羽,26,300,20,true
608,resist-wing,抵抗之羽,26,300,20,true
609,genius-wing,智力之羽,26,300,20,true
610,clever-wing,精神之羽,26,300,20,true
611,swift-wing,瞬发之羽,26,300,20,true
612,pretty-wing,美丽之羽,24,1000,20,true
613,cover-fossil,背盖化石,35,7000,100,true
614,plume-fossil,羽毛化石,35,7000,100,true
615,liberty-pass,自由船票,20,0,,true
616,pass-orb,释出之玉,12,200,30,true
617,dream-ball,梦境球,33,0,,true
618,poke-toy,宝可尾草,11,100,30,true
619,prop-case,物品箱,21,0,,true
620,dragon-skull,龙之骨,22,0,,true
621,balm-mushroom,芳香蘑菇,24,15000,30,true
622,big-nugget,巨大金珠,24,40000,130,true
623,pearl-string,丸子珍珠,24,20000,30,true
624,comet-shard,彗星碎片,24,25000,30,true
625,relic-copper,古代铜币,24,0,30,true
626,relic-silver,古代银币,24,0,30,true
627,relic-gold,古代金币,24,60000,30,true
628,relic-vase,古代之壶,24,0,30,true
629,relic-band,古代手镯,24,0,30,true
630,relic-statue,古代石像,24,0,30,true
631,relic-crown,古代王冠,24,0,30,true
632,casteliacone,飞云冰淇淋,30,350,30,true
633,dire-hit-2,要害攻击２,43,0,,true
634,x-speed-2,速度强化２,43,0,,true
635,x-sp-atk-2,特攻强化２,43,0,,true
636,x-sp-def-2,特防强化２,43,0,,true
637,x-defense-2,防御强化２,43,0,,true
638,x-attack-2,力量强化２,43,0,,true
639,x-accuracy-2,命中强化２,43,0,,true
640,x-speed-3,速度强化３,43,0,,true
641,x-sp-atk-3,特攻强化３,43,0,,true
642,x-sp-def-3,特防强化３,43,0,,true
643,x-defense-3,防御强化３,43,0,,true
644,x-attack-3,力量强化３,43,0,,true
645,x-accuracy-3,命中强化３,43,0,,true
646,x-speed-6,速度强化６,43,0,,true
647,x-sp-atk-6,特攻强化６,43,0,,true
648,x-sp-def-6,特防强化６,43,0,,true
649,x-defense-6,防御强化６,43,0,,true
650,x-attack-6,力量强化６,43,0,,true
651,x-accuracy-6,命中强化６,43,0,,true
652,ability-urge,？？？,43,0,,true
653,item-drop,？？？,43,0,,true
654,item-urge,？？？,43,0,,true
655,reset-urge,？？？,43,0,,true
656,dire-hit-3,要害攻击３,43,0,,true
657,light-stone,光明石,22,0,,true
658,dark-stone,黑暗石,22,0,,true
659,tm93,技能学习器９３,37,1000,,true
660,tm94,技能学习器９４,37,10000,,true
661,tm95,技能学习器９５,37,1000,,true
662,xtransceiver,即时通讯器,21,0,,true
663,god-stone,神石,23,0,,true
664,gram-1,配送物品１,22,0,,true
665,gram-2,配送物品２,22,0,,true
666,gram-3,配送物品３,22,0,,true
668,dragon-gem,龙之宝石,42,200,,true
669,normal-gem,一般宝石,42,4000,,true
670,medal-box,奖牌盒,21,0,,true
671,dna-splicers,基因之楔,21,0,,true
673,permit,许可证,21,0,,true
674,oval-charm,圆形护符,21,0,,true
675,shiny-charm,闪耀护符,21,0,,true
676,plasma-card,等离子卡,22,0,,true
677,grubby-hanky,脏手帕,22,0,,true
678,colress-machine,阿克罗玛机器,22,0,,true
679,dropped-item,遗忘物,22,0,,true
681,reveal-glass,现形镜,21,0,,true
682,weakness-policy,弱点保险,12,1000,80,true
683,assault-vest,突击背心,12,1000,80,true
684,pixie-plate,妖精石板,17,1000,90,true
685,ability-capsule,特性胶囊,26,10000,,true
686,whipped-dream,泡沫奶油,10,2000,80,true
687,sachet,香袋,10,2000,80,true
688,luminous-moss,光苔,12,4000,30,true
689,snowball,雪球,12,4000,30,true
690,safety-goggles,防尘护目镜,12,4000,80,true
691,rich-mulch,硕果肥,32,200,30,true
692,surprise-mulch,吃惊肥,32,200,30,true
693,boost-mulch,劲劲肥,32,200,30,true
694,amaze-mulch,超效肥,32,200,30,true
695,gengarite,耿鬼进化石,44,0,80,true
696,gardevoirite,沙奈朵进化石,44,0,80,true
697,ampharosite,电龙进化石,44,0,80,true
698,venusaurite,妙蛙花进化石,44,0,80,true
699,charizardite-x,喷火龙进化石Ｘ,44,0,80,true
700,blastoisinite,水箭龟进化石,44,0,80,true
701,mewtwonite-x,超梦进化石Ｘ,44,0,80,true
702,mewtwonite-y,超梦进化石Ｙ,44,0,80,true
703,blazikenite,火焰鸡进化石,44,0,80,true
704,medichamite,恰雷姆进化石,44,0,80,true
705,houndoominite,黑鲁加进化石,44,0,80,true
706,aggronite,波士可多拉进化石,44,0,80,true
707,banettite,诅咒娃娃进化石,44,0,80,true
708,tyranitarite,班基拉斯进化石,44,0,80,true
709,scizorite,巨钳螳螂进化石,44,0,80,true
710,pinsirite,凯罗斯进化石,44,0,80,true
711,aerodactylite,化石翼龙进化石,44,0,80,true
712,lucarionite,路卡利欧进化石,44,0,80,true
713,abomasite,暴雪王进化石,44,0,80,true
714,kangaskhanite,袋兽进化石,44,0,80,true
715,gyaradosite,暴鲤龙进化石,44,0,80,true
716,absolite,阿勃梭鲁进化石,44,0,80,true
717,charizardite-y,喷火龙进化石Ｙ,44,0,80,true
718,alakazite,胡地进化石,44,0,80,true
719,heracronite,赫拉克罗斯进化石,44,0,80,true
720,mawilite,大嘴娃进化石,44,0,80,true
721,manectite,雷电兽进化石,44,0,80,true
722,garchompite,烈咬陆鲨进化石,44,0,80,true
723,roseli-berry,洛玫果,7,80,10,true
724,kee-berry,亚开果,4,80,10,true
725,maranga-berry,香罗果,4,80,10,true
726,discount-coupon,折价券,24,20,10,true
727,strange-souvenir,神秘摆设,24,3000,30,true
728,lumiose-galette,密阿雷格雷派饼,30,350,30,true
729,jaw-fossil,颚之化石,35,7000,100,true
730,sail-fossil,鳍之化石,35,7000,100,true
731,fairy-gem,妖精宝石,42,200,,true
732,adventure-rules,探险心得,21,0,,true
733,elevator-key,电梯钥匙,22,0,,true
734,holo-caster,全息影像通讯器,21,0,,true
735,honor-of-kalos,卡洛斯勋章,22,0,,true
736,intriguing-stone,似珍石,22,0,,true
737,lens-case,隐形眼镜盒,21,0,,true
738,looker-ticket,帅哥券,22,0,,true
739,mega-ring,超级环,21,0,,true
740,power-plant-pass,发电厂通行证,22,0,,true
741,profs-letter,博士的信,22,0,,true
742,roller-skates,轮滑鞋,21,0,,true
743,sprinklotad,莲叶童子喷壶,21,0,,true
744,tmv-pass,ＴＭＶ自由票,21,0,,true
745,tm96,技能学习器９６,37,1000,,true
746,tm97,技能学习器９７,37,1000,,true
747,tm98,技能学习器９８,37,1000,,true
748,tm99,技能学习器９９,37,1000,,true
749,tm100,技能学习器１００,37,5000,,true
760,latiasite,拉帝亚斯进化石,44,0,80,true
761,latiosite,拉帝欧斯进化石,44,0,80,true
762,common-stone,常见石,23,0,,true
763,makeup-bag,化妆包,21,0,,true
764,travel-trunk,衣物箱,23,0,,true
765,shalour-sable,娑罗沙布蕾,30,350,30,true
768,mega-charm,超级坠饰,23,0,,true
769,mega-glove,超级手套,23,0,,true
770,devon-parts,得文的物品,22,0,,true
772,pokeblock-kit,宝可方块套装,21,0,,true
773,key-to-room-1,１号客房的钥匙,22,0,,true
774,key-to-room-2,２号客房的钥匙,22,0,,true
775,key-to-room-4,４号客房的钥匙,22,0,,true
776,key-to-room-6,６号客房的钥匙,22,0,,true
779,devon-scuba-gear,得文潜水装备,22,0,,true
780,contest-costume--jacket,演出礼服,21,0,,true
782,magma-suit,熔岩装,22,0,,true
783,aqua-suit,海洋装,22,0,,true
784,pair-of-tickets,双人票,22,0,,true
785,mega-bracelet,超级手镯,21,0,,true
786,mega-pendant,超级吊坠,23,0,,true
787,mega-glasses,超级眼镜,23,0,,true
788,mega-anchor,超级船锚,23,0,,true
789,mega-stickpin,超级领针,23,0,,true
790,mega-tiara,超级头冠,23,0,,true
791,mega-anklet,超级脚镯,23,0,,true
793,swampertite,巨沼怪进化石,44,0,80,true
794,sceptilite,蜥蜴王进化石,44,0,80,true
795,sablenite,勾魂眼进化石,44,0,80,true
796,altarianite,七夕青鸟进化石,44,0,80,true
797,galladite,艾路雷朵进化石,44,0,80,true
798,audinite,差不多娃娃进化石,44,0,80,true
799,metagrossite,巨金怪进化石,44,0,80,true
800,sharpedonite,巨牙鲨进化石,44,0,80,true
801,slowbronite,呆壳兽进化石,44,0,80,true
802,steelixite,大钢蛇进化石,44,0,80,true
803,pidgeotite,大比鸟进化石,44,0,80,true
804,glalitite,冰鬼护进化石,44,0,80,true
805,diancite,蒂安希进化石,44,0,80,true
806,prison-bottle,惩戒之壶,21,0,,true
807,mega-cuff,超级护腕,23,0,,true
808,cameruptite,喷火驼进化石,44,0,80,true
809,lopunnite,长耳兔进化石,44,0,80,true
810,salamencite,暴飞龙进化石,44,0,80,true
811,beedrillite,大针蜂进化石,44,0,80,true
814,key-stone,钥石,21,0,,true
815,meteorite-shard,陨石碎片,22,0,,true
816,eon-flute,无限之笛,21,0,,true
817,normalium-z--held,一般Ｚ,46,0,,true
818,firium-z--held,火Ｚ,46,0,,true
819,waterium-z--held,水Ｚ,46,0,,true
820,electrium-z--held,电Ｚ,46,0,,true
821,grassium-z--held,草Ｚ,46,0,,true
822,icium-z--held,冰Ｚ,46,0,,true
823,fightinium-z--held,格斗Ｚ,46,0,,true
824,poisonium-z--held,毒Ｚ,46,0,,true
825,groundium-z--held,地面Ｚ,46,0,,true
826,flyinium-z--held,飞行Ｚ,46,0,,true
827,psychium-z--held,超能力Ｚ,46,0,,true
828,buginium-z--held,虫Ｚ,46,0,,true
829,rockium-z--held,岩石Ｚ,46,0,,true
830,ghostium-z--held,幽灵Ｚ,46,0,,true
831,dragonium-z--held,龙Ｚ,46,0,,true
832,darkinium-z--held,恶Ｚ,46,0,,true
833,steelium-z--held,钢Ｚ,46,0,,true
834,fairium-z--held,妖精Ｚ,46,0,,true
835,pikanium-z--held,皮卡丘Ｚ,46,0,,true
836,bottle-cap,银色王冠,24,5000,30,true
837,gold-bottle-cap,金色王冠,24,10000,30,true
838,z-ring,Ｚ手环,21,0,,true
839,decidium-z--held,狙射树枭Ｚ,46,0,,true
840,incinium-z--held,炽焰咆哮虎Ｚ,46,0,,true
841,primarium-z--held,西狮海壬Ｚ,46,0,,true
842,tapunium-z--held,卡璞Ｚ,46,0,,true
843,marshadium-z--held,玛夏多Ｚ,46,0,,true
844,aloraichium-z--held,阿罗雷Ｚ,46,0,,true
845,snorlium-z--held,卡比兽Ｚ,46,0,,true
846,eevium-z--held,伊布Ｚ,46,0,,true
847,mewnium-z--held,梦幻Ｚ,46,0,,true
877,pikashunium-z--held,智皮卡Ｚ,46,0,,true
878,forage-bag,材料袋,21,0,,true
879,fishing-rod,钓竿,21,0,,true
880,professors-mask,博士的面罩,22,0,,true
881,festival-ticket,圆庆票,21,10,,true
882,sparkling-stone,光辉石,22,0,,true
883,adrenaline-orb,胆怯球,12,4000,30,true
884,zygarde-cube,基格尔德多面体,21,0,,true
885,ice-stone,冰之石,10,3000,30,true
886,ride-pager,骑行装置,23,0,,true
887,beast-ball,究极球,33,0,,true
888,big-malasada,大马拉萨达,30,350,30,true
889,red-nectar,朱红色花蜜,18,300,10,true
890,yellow-nectar,金黄色花蜜,18,300,10,true
891,pink-nectar,桃粉色花蜜,18,300,10,true
892,purple-nectar,兰紫色花蜜,18,300,10,true
893,sun-flute,太阳之笛,22,0,,true
894,moon-flute,月亮之笛,22,0,,true
895,enigmatic-card,奇异卡片,22,0,,true
896,terrain-extender,大地膜,12,4000,60,true
897,protective-pads,部位护具,12,4000,30,true
898,electric-seed,电气种子,12,4000,10,true
899,psychic-seed,精神种子,12,4000,10,true
900,misty-seed,薄雾种子,12,4000,10,true
901,grassy-seed,青草种子,12,4000,10,true
902,fighting-memory,战斗存储碟,45,1000,50,true
903,flying-memory,飞翔存储碟,45,1000,50,true
904,poison-memory,毒存储碟,45,1000,50,true
905,ground-memory,大地存储碟,45,1000,50,true
906,rock-memory,岩石存储碟,45,1000,50,true
907,bug-memory,虫子存储碟,45,1000,50,true
908,ghost-memory,幽灵存储碟,45,1000,50,true
909,steel-memory,钢铁存储碟,45,1000,50,true
910,fire-memory,火焰存储碟,45,1000,50,true
911,water-memory,清水存储碟,45,1000,50,true
912,grass-memory,青草存储碟,45,1000,50,true
913,electric-memory,电子存储碟,45,1000,50,true
914,psychic-memory,精神存储碟,45,1000,50,true
915,ice-memory,冰雪存储碟,45,1000,50,true
916,dragon-memory,龙存储碟,45,1000,50,true
917,dark-memory,黑暗存储碟,45,1000,50,true
918,fairy-memory,妖精存储碟,45,1000,50,true
919,bike--green,自行车,23,0,,true
920,storage-key--galactic-warehouse,仓库钥匙,23,0,,true
921,basement-key--goldenrod,地下钥匙,23,0,,true
922,xtransceiver--red,即时通讯器,23,0,,true
923,xtransceiver--yellow,即时通讯器,23,0,,true
924,dna-splicers--merge,基因之楔,23,0,,true
925,dna-splicers--split,基因之楔,23,0,,true
926,dropped-item--red,遗忘物,23,0,,true
927,dropped-item--yellow,遗忘物,23,0,,true
928,holo-caster--green,全息影像通讯器,23,0,,true
929,bike--yellow,自行车,23,0,,true
930,holo-caster--red,全息影像通讯器,23,0,,true
931,basement-key--new-mauville,地下钥匙,23,0,,true
932,storage-key--sea-mauville,仓库钥匙,23,0,,true
933,ss-ticket--hoenn,船票,23,0,,true
934,contest-costume--dress,演出礼裙,23,0,,true
935,meteorite--2,陨石,23,0,,true
936,meteorite--3,陨石,23,0,,true
937,meteorite--4,陨石,23,0,,true
938,normalium-z--bag,一般Ｚ,23,0,,true
939,firium-z--bag,火Ｚ,23,0,,true
940,waterium-z--bag,水Ｚ,23,0,,true
941,electrium-z--bag,电Ｚ,23,0,,true
942,grassium-z--bag,草Ｚ,23,0,,true
943,icium-z--bag,冰Ｚ,23,0,,true
944,fightinium-z--bag,格斗Ｚ,23,0,,true
945,poisonium-z--bag,毒Ｚ,23,0,,true
946,groundium-z--bag,地面Ｚ,23,0,,true
947,flyinium-z--bag,飞行Ｚ,23,0,,true
948,psychium-z--bag,超能力Ｚ,23,0,,true
949,buginium-z--bag,虫Ｚ,23,0,,true
950,rockium-z--bag,岩石Ｚ,23,0,,true
951,ghostium-z--bag,幽灵Ｚ,23,0,,true
952,dragonium-z--bag,龙Ｚ,23,0,,true
953,darkinium-z--bag,恶Ｚ,23,0,,true
954,steelium-z--bag,钢Ｚ,23,0,,true
955,fairium-z--bag,妖精Ｚ,23,0,,true
956,pikanium-z--bag,皮卡丘Ｚ,23,0,,true
957,decidium-z--bag,狙射树枭Ｚ,23,0,,true
958,incinium-z--bag,炽焰咆哮虎Ｚ,23,0,,true
959,primarium-z--bag,西狮海壬Ｚ,23,0,,true
960,tapunium-z--bag,卡璞Ｚ,23,0,,true
961,marshadium-z--bag,玛夏多Ｚ,23,0,,true
962,aloraichium-z--bag,阿罗雷Ｚ,23,0,,true
963,snorlium-z--bag,卡比兽Ｚ,23,0,,true
964,eevium-z--bag,伊布Ｚ,23,0,,true
965,mewnium-z--bag,梦幻Ｚ,23,0,,true
966,pikashunium-z--bag,智皮卡Ｚ,23,0,,true
967,solganium-z--held,索尔迦雷欧Ｚ,23,0,,true
968,lunalium-z--held,露奈雅拉Ｚ,23,0,,true
969,ultranecrozium-z--held,究极奈克洛Ｚ,23,0,,true
970,mimikium-z--held,谜拟ＱＺ,23,0,,true
971,lycanium-z--held,鬃岩狼人Ｚ,23,0,,true
972,kommonium-z--held,杖尾鳞甲龙Ｚ,23,0,,true
973,solganium-z--bag,索尔迦雷欧Ｚ,23,0,,true
974,lunalium-z--bag,露奈雅拉Ｚ,23,0,,true
975,ultranecrozium-z--bag,究极奈克洛Ｚ,23,0,,true
976,mimikium-z--bag,谜拟ＱＺ,23,0,,true
977,lycanium-z--bag,鬃岩狼人Ｚ,23,0,,true
978,kommonium-z--bag,杖尾鳞甲龙Ｚ,23,0,,true
979,z-power-ring,Ｚ强力手环,23,0,,true
980,pink-petal,粉红花瓣,23,0,,true
981,orange-petal,橙色花瓣,23,0,,true
982,blue-petal,蓝色花瓣,23,0,,true
983,red-petal,红色花瓣,23,0,,true
984,green-petal,绿色花瓣,23,0,,true
985,yellow-petal,黄色花瓣,23,0,,true
986,purple-petal,紫色花瓣,23,0,,true
987,rainbow-flower,虹色之花,23,0,,true
988,surge-badge,桔色徽章,23,0,,true
989,n-solarizer--merge,奈克洛索尔合体器,23,0,,true
990,n-lunarizer--merge,奈克洛露奈合体器,23,0,,true
991,n-solarizer--split,奈克洛索尔合体器,23,0,,true
992,n-lunarizer--split,奈克洛露奈合体器,23,0,,true
993,ilimas-normalium-z,伊利马一般Ｚ,23,0,,true
994,left-poke-ball,留下的精灵球,23,0,,true
995,roto-hatch,孵蛋碰碰,23,0,,true
996,roto-bargain,优惠碰碰,23,0,,true
997,roto-prize-money,零花钱碰碰,23,0,,true
998,roto-exp-points,经验碰碰,23,0,,true
999,roto-friendship,亲密碰碰,23,0,,true
1000,roto-encounter,相遇碰碰,23,0,,true
1001,roto-stealth,隐身碰碰,23,0,,true
1002,roto-hp-restore,ＨＰ回复碰碰,23,0,,true
1003,roto-pp-restore,ＰＰ回复碰碰,23,0,,true
1004,roto-boost,加油碰碰,23,0,,true
1005,roto-catch,捕捉碰碰,23,0,,true
1006,autograph,马志士的签名,23,0,,true
1007,pokemon-box,精灵盒,23,0,,true
1008,medicine-pocket,回复口袋,23,0,,true
1009,candy-jar,糖果罐,23,0,,true
1010,power-up-pocket,强化口袋,23,0,,true
1011,clothing-trunk,换装箱,23,0,,true
1012,catching-pocket,捕捉口袋,23,0,,true
1013,battle-pocket,对战口袋,23,0,,true
1014,silver-razz-berry,银色蔓莓果,48,1000,10,true
1015,golden-razz-berry,金色蔓莓果,48,5000,10,true
1016,silver-nanab-berry,银色蕉香果,48,1000,10,true
1017,golden-nanab-berry,金色蕉香果,48,5000,10,true
1018,silver-pinap-berry,银色凰梨果,48,1000,10,true
1019,golden-pinap-berry,金色凰梨果,48,5000,10,true
1020,secret-key--letsgo,秘密钥匙,22,0,,true
1021,ss-ticket--letsgo,船票,22,0,,true
1022,parcel--letsgo,包裹,22,0,,true
1023,card-key--letsgo,钥匙卡,22,0,,true
1024,stretchy-spring,松掉的弹簧,24,20,30,true
1025,chalky-stone,粉笔石,24,60,30,true
1026,marble,弹珠,24,300,30,true
1027,lone-earring,一边的耳环,24,600,30,true
1028,beach-glass,海边的玻璃,24,800,30,true
1029,gold-leaf,金色叶子,24,1000,30,true
1030,silver-leaf,银色叶子,24,1000,30,true
1031,polished-mud-ball,光滑泥球,24,1200,30,true
1032,tropical-shell,南国贝壳,24,2000,30,true
1033,leaf-letter--pikachu,树叶信,24,0,30,true
1034,leaf-letter--eevee,树叶信,24,0,30,true
1035,small-bouquet,小小花束,24,0,30,true
1036,lure,引虫香水,11,400,30,true
1037,super-lure,白银香水,11,700,30,true
1038,max-lure,黄金香水,11,900,30,true
1039,pewter-crunchies,深灰米果,30,250,30,true
1040,health-candy,元气糖果,26,20,,true
1041,mighty-candy,力量糖果,26,20,,true
1042,tough-candy,守护糖果,26,20,,true
1043,smart-candy,知识糖果,26,20,,true
1044,courage-candy,心灵糖果,26,20,,true
1045,quick-candy,敏捷糖果,26,20,,true
1046,health-candy-l,元气糖果Ｌ,26,20,,true
1047,mighty-candy-l,力量糖果Ｌ,26,20,,true
1048,tough-candy-l,守护糖果Ｌ,26,20,,true
1049,smart-candy-l,知识糖果Ｌ,26,20,,true
1050,courage-candy-l,心灵糖果Ｌ,26,20,,true
1051,quick-candy-l,敏捷糖果Ｌ,26,20,,true
1052,health-candy-xl,元气糖果ＸＬ,26,20,,true
1053,mighty-candy-xl,力量糖果ＸＬ,26,20,,true
1054,tough-candy-xl,守护糖果ＸＬ,26,20,,true
1055,smart-candy-xl,知识糖果ＸＬ,26,20,,true
1056,courage-candy-xl,心灵糖果ＸＬ,26,20,,true
1057,quick-candy-xl,敏捷糖果ＸＬ,26,20,,true
1058,bulbasaur-candy,妙蛙种子的糖果,47,20,,true
1059,charmander-candy,小火龙的糖果,47,20,,true
1060,squirtle-candy,杰尼龟的糖果,47,20,,true
1061,caterpie-candy,绿毛虫的糖果,47,20,,true
1062,weedle-candy,独角虫的糖果,47,20,,true
1063,pidgey-candy,波波的糖果,47,20,,true
1064,rattata-candy,小拉达的糖果,47,20,,true
1065,spearow-candy,烈雀的糖果,47,20,,true
1066,ekans-candy,阿柏蛇的糖果,47,20,,true
1067,pikachu-candy,皮卡丘的糖果,47,20,,true
1068,sandshrew-candy,穿山鼠的糖果,47,20,,true
1069,nidoran-f-candy,尼多兰的糖果,47,20,,true
1070,nidoran-m-candy,尼多朗的糖果,47,20,,true
1071,clefairy-candy,皮皮的糖果,47,20,,true
1072,vulpix-candy,六尾的糖果,47,20,,true
1073,jigglypuff-candy,胖丁的糖果,47,20,,true
1074,zubat-candy,超音蝠的糖果,47,20,,true
1075,oddish-candy,走路草的糖果,47,20,,true
1076,paras-candy,派拉斯的糖果,47,20,,true
1077,venonat-candy,毛球的糖果,47,20,,true
1078,diglett-candy,地鼠的糖果,47,20,,true
1079,meowth-candy,喵喵的糖果,47,20,,true
1080,psyduck-candy,可达鸭的糖果,47,20,,true
1081,mankey-candy,猴怪的糖果,47,20,,true
1082,growlithe-candy,卡蒂狗的糖果,47,20,,true
1083,poliwag-candy,蚊香蝌蚪的糖果,47,20,,true
1084,abra-candy,凯西的糖果,47,20,,true
1085,machop-candy,腕力的糖果,47,20,,true
1086,bellsprout-candy,喇叭芽的糖果,47,20,,true
1087,tentacool-candy,玛瑙水母的糖果,47,20,,true
1088,geodude-candy,小拳石的糖果,47,20,,true
1089,ponyta-candy,小火马的糖果,47,20,,true
1090,slowpoke-candy,呆呆兽的糖果,47,20,,true
1091,magnemite-candy,小磁怪的糖果,47,20,,true
1092,farfetchd-candy,大葱鸭的糖果,47,20,,true
1093,doduo-candy,嘟嘟的糖果,47,20,,true
1094,seel-candy,小海狮的糖果,47,20,,true
1095,grimer-candy,臭泥的糖果,47,20,,true
1096,shellder-candy,大舌贝的糖果,47,20,,true
1097,gastly-candy,鬼斯的糖果,47,20,,true
1098,onix-candy,大岩蛇的糖果,47,20,,true
1099,drowzee-candy,催眠貘的糖果,47,20,,true
1100,krabby-candy,大钳蟹的糖果,47,20,,true
1101,voltorb-candy,霹雳电球的糖果,47,20,,true
1102,exeggcute-candy,蛋蛋的糖果,47,20,,true
1103,cubone-candy,卡拉卡拉的糖果,47,20,,true
1104,hitmonlee-candy,飞腿郎的糖果,47,20,,true
1105,hitmonchan-candy,快拳郎的糖果,47,20,,true
1106,lickitung-candy,大舌头的糖果,47,20,,true
1107,koffing-candy,瓦斯弹的糖果,47,20,,true
1108,rhyhorn-candy,独角犀牛的糖果,47,20,,true
1109,chansey-candy,吉利蛋的糖果,47,20,,true
1110,tangela-candy,蔓藤怪的糖果,47,20,,true
1111,kangaskhan-candy,袋兽的糖果,47,20,,true
1112,horsea-candy,墨海马的糖果,47,20,,true
1113,goldeen-candy,角金鱼的糖果,47,20,,true
1114,staryu-candy,海星星的糖果,47,20,,true
1115,mr-mime-candy,魔墙人偶的糖果,47,20,,true
1116,scyther-candy,飞天螳螂的糖果,47,20,,true
1117,jynx-candy,迷唇姐的糖果,47,20,,true
1118,electabuzz-candy,电击兽的糖果,47,20,,true
1119,pinsir-candy,凯罗斯的糖果,47,20,,true
1120,tauros-candy,肯泰罗的糖果,47,20,,true
1121,magikarp-candy,鲤鱼王的糖果,47,20,,true
1122,lapras-candy,拉普拉斯的糖果,47,20,,true
1123,ditto-candy,百变怪的糖果,47,20,,true
1124,eevee-candy,伊布的糖果,47,20,,true
1125,porygon-candy,多边兽的糖果,47,20,,true
1126,omanyte-candy,菊石兽的糖果,47,20,,true
1127,kabuto-candy,化石盔的糖果,47,20,,true
1128,aerodactyl-candy,化石翼龙的糖果,47,20,,true
1129,snorlax-candy,卡比兽的糖果,47,20,,true
1130,articuno-candy,急冻鸟的糖果,47,20,,true
1131,zapdos-candy,闪电鸟的糖果,47,20,,true
1132,moltres-candy,火焰鸟的糖果,47,20,,true
1133,dratini-candy,迷你龙的糖果,47,20,,true
1134,mewtwo-candy,超梦的糖果,47,20,,true
1135,mew-candy,梦幻的糖果,47,20,,true
1136,meltan-candy,美录坦的糖果,47,20,,true
1137,magmar-candy,鸭嘴火兽的糖果,47,20,,true
1138,endorsement,推荐函,22,0,,true
1139,pokemon-box-link,精灵盒,21,0,,true
1140,wishing-star,许愿星,22,0,,true
1141,dynamax-band,极巨腕带,22,0,,true
1142,fishing-rod--galar,钓竿,21,0,,true
1143,rotom-bike,洛托姆自行车,21,0,,true
1144,sausages,粗绞肉香肠,51,400,10,true
1145,bobs-food-tin,饱伯罐头,51,950,80,true
1146,bachs-food-tin,巴哈罐头,51,950,80,true
1147,tin-of-beans,豆子罐头,51,400,80,true
1148,bread,吐司面包,51,150,10,true
1149,pasta,通心粉,51,150,10,true
1150,mixed-mushrooms,袋装蕈菇,51,400,10,true
1151,smoke-poke-tail,烟熏尾巴,51,2200,10,true
1152,large-leek,粗枝大葱,51,2200,20,true
1153,fancy-apple,特选苹果,51,2200,20,true
1154,brittle-bones,细骨,51,950,30,true
1155,pack-of-potatoes,袋装土豆,51,400,10,true
1156,pungent-root,水边香草,51,950,10,true
1157,salad-mix,袋装蔬菜,51,400,10,true
1158,fried-food,炸物拼盘,51,150,10,true
1159,boiled-egg,水煮蛋,51,2200,20,true
1160,camping-gear,露营组合,21,0,,true
1161,rusted-sword,腐朽的剑,18,0,,true
1162,rusted-shield,腐朽的盾,18,0,,true
1163,fossilized-bird,化石鸟,35,5000,100,true
1164,fossilized-fish,化石鱼,35,5000,100,true
1165,fossilized-drake,化石龙,35,5000,100,true
1166,fossilized-dino,化石海兽,35,5000,100,true
1167,strawberry-sweet,草莓糖饰,10,500,10,true
1168,love-sweet,爱心糖饰,10,500,10,true
1169,berry-sweet,野莓糖饰,10,500,10,true
1170,clover-sweet,幸运草糖饰,10,500,10,true
1171,flower-sweet,花朵糖饰,10,500,10,true
1172,star-sweet,星星糖饰,10,500,10,true
1173,ribbon-sweet,蝴蝶结糖饰,10,500,10,true
1174,sweet-apple,甜甜苹果,10,2200,30,true
1175,tart-apple,酸酸苹果,10,2200,30,true
1176,throat-spray,爽喉喷雾,12,4000,30,true
1177,eject-pack,避难背包,12,4000,50,true
1178,heavy-duty-boots,厚底靴,12,4000,80,true
1179,blunder-policy,打空保险,12,4000,80,true
1180,room-service,客房服务,12,4000,100,true
1181,utility-umbrella,万能伞,12,4000,60,true
1182,exp-candy-xs,经验糖果ＸＳ,26,20,30,true
1183,exp-candy-s,经验糖果Ｓ,26,240,30,true
1184,exp-candy-m,经验糖果Ｍ,26,1000,30,true
1185,exp-candy-l,经验糖果Ｌ,26,3000,30,true
1186,exp-candy-xl,经验糖果ＸＬ,26,10000,30,true
1187,dynamax-candy,极巨糖果,26,0,30,true
1188,tr00,技能记录００,37,4000,10,true
1189,tr01,技能记录０１,37,6000,85,true
1190,tr02,技能记录０２,37,10000,90,true
1191,tr03,技能记录０３,37,16000,110,true
1192,tr04,技能记录０４,37,10000,90,true
1193,tr05,技能记录０５,37,10000,90,true
1194,tr06,技能记录０６,37,16000,110,true
1195,tr07,技能记录０７,37,6000,10,true
1196,tr08,技能记录０８,37,10000,90,true
1197,tr09,技能记录０９,37,16000,110,true
1198,tr10,技能记录１０,37,16000,100,true
1199,tr11,技能记录１１,37,10000,90,true
1200,tr12,技能记录１２,37,4000,10,true
1201,tr13,技能记录１３,37,2000,10,true
1202,tr14,技能记录１４,37,2000,10,true
1203,tr15,技能记录１５,37,16000,110,true
1204,tr16,技能记录１６,37,6000,80,true
1205,tr17,技能记录１７,37,4000,10,true
1206,tr18,技能记录１８,37,6000,80,true
1207,tr19,技能记录１９,37,4000,80,true
1208,tr20,技能记录２０,37,6000,10,true
1209,tr21,技能记录２１,37,4000,10,true
1210,tr22,技能记录２２,37,10000,90,true
1211,tr23,技能记录２３,37,4000,10,true
1212,tr24,技能记录２４,37,16000,120,true
1213,tr25,技能记录２５,37,6000,80,true
1214,tr26,技能记录２６,37,2000,10,true
1215,tr27,技能记录２７,37,4000,10,true
1216,tr28,技能记录２８,37,16000,120,true
1217,tr29,技能记录２９,37,4000,10,true
1218,tr30,技能记录３０,37,4000,10,true
1219,tr31,技能记录３１,37,10000,100,true
1220,tr32,技能记录３２,37,6000,80,true
1221,tr33,技能记录３３,37,6000,80,true
1222,tr34,技能记录３４,37,6000,120,true
1223,tr35,技能记录３５,37,6000,90,true
1224,tr36,技能记录３６,37,10000,95,true
1225,tr37,技能记录３７,37,4000,10,true
1226,tr38,技能记录３８,37,4000,10,true
1227,tr39,技能记录３９,37,16000,120,true
1228,tr40,技能记录４０,37,2000,10,true
1229,tr41,技能记录４１,37,6000,85,true
1230,tr42,技能记录４２,37,10000,90,true
1231,tr43,技能记录４３,37,16000,130,true
1232,tr44,技能记录４４,37,4000,10,true
1233,tr45,技能记录４５,37,10000,90,true
1234,tr46,技能记录４６,37,4000,10,true
1235,tr47,技能记录４７,37,6000,80,true
1236,tr48,技能记录４８,37,4000,10,true
1237,tr49,技能记录４９,37,4000,10,true
1238,tr50,技能记录５０,37,10000,90,true
1239,tr51,技能记录５１,37,4000,10,true
1240,tr52,技能记录５２,37,6000,10,true
1241,tr53,技能记录５３,37,16000,120,true
1242,tr54,技能记录５４,37,4000,10,true
1243,tr55,技能记录５５,37,16000,120,true
1244,tr56,技能记录５６,37,6000,80,true
1245,tr57,技能记录５７,37,6000,80,true
1246,tr58,技能记录５８,37,6000,80,true
1247,tr59,技能记录５９,37,6000,80,true
1248,tr60,技能记录６０,37,6000,80,true
1249,tr61,技能记录６１,37,10000,90,true
1250,tr62,技能记录６２,37,6000,85,true
1251,tr63,技能记录６３,37,6000,80,true
1252,tr64,技能记录６４,37,16000,120,true
1253,tr65,技能记录６５,37,10000,90,true
1254,tr66,技能记录６６,37,16000,120,true
1255,tr67,技能记录６７,37,10000,90,true
1256,tr68,技能记录６８,37,4000,10,true
1257,tr69,技能记录６９,37,6000,80,true
1258,tr70,技能记录７０,37,10000,80,true
1259,tr71,技能记录７１,37,16000,130,true
1260,tr72,技能记录７２,37,16000,120,true
1261,tr73,技能记录７３,37,16000,120,true
1262,tr74,技能记录７４,37,10000,80,true
1263,tr75,技能记录７５,37,16000,100,true
1264,tr76,技能记录７６,37,6000,10,true
1265,tr77,技能记录７７,37,6000,10,true
1266,tr78,技能记录７８,37,10000,95,true
1267,tr79,技能记录７９,37,6000,10,true
1268,tr80,技能记录８０,37,6000,10,true
1269,tr81,技能记录８１,37,6000,95,true
1270,tr82,技能记录８２,37,4000,20,true
1271,tr83,技能记录８３,37,4000,10,true
1272,tr84,技能记录８４,37,6000,80,true
1273,tr85,技能记录８５,37,2000,10,true
1274,tr86,技能记录８６,37,10000,90,true
1275,tr87,技能记录８７,37,6000,80,true
1276,tr88,技能记录８８,37,6000,10,true
1277,tr89,技能记录８９,37,16000,110,true
1278,tr90,技能记录９０,37,10000,90,true
1279,tr91,技能记录９１,37,4000,10,true
1280,tr92,技能记录９２,37,6000,80,true
1281,tr93,技能记录９３,37,10000,85,true
1282,tr94,技能记录９４,37,10000,95,true
1283,tr95,技能记录９５,37,6000,80,true
1284,tr96,技能记录９６,37,10000,90,true
1285,tr97,技能记录９７,37,10000,85,true
1286,tr98,技能记录９８,37,6000,85,true
1287,tr99,技能记录９９,37,6000,80,true
1288,tm00,技能学习器００,37,10000,,true
1289,lonely-mint,怕寂寞薄荷,50,20,10,true
1290,adamant-mint,固执薄荷,50,20,10,true
1291,naughty-mint,顽皮薄荷,50,20,10,true
1292,brave-mint,勇敢薄荷,50,20,10,true
1293,bold-mint,大胆薄荷,50,20,10,true
1294,impish-mint,淘气薄荷,50,20,10,true
1295,lax-mint,乐天薄荷,50,20,10,true
1296,relaxed-mint,悠闲薄荷,50,20,10,true
1297,modest-mint,内敛薄荷,50,20,10,true
1298,mild-mint,慢吞吞薄荷,50,20,10,true
1299,rash-mint,马虎薄荷,50,20,10,true
1300,quiet-mint,冷静薄荷,50,20,10,true
1301,calm-mint,温和薄荷,50,20,10,true
1302,gentle-mint,温顺薄荷,50,20,10,true
1303,careful-mint,慎重薄荷,50,20,10,true
1304,sassy-mint,自大薄荷,50,20,10,true
1305,timid-mint,胆小薄荷,50,20,10,true
1306,hasty-mint,急躁薄荷,50,20,10,true
1307,jolly-mint,爽朗薄荷,50,20,10,true
1308,naive-mint,天真薄荷,50,20,10,true
1309,serious-mint,认真薄荷,50,20,10,true
1310,wishing-piece,许愿星块,9,20,50,true
1311,cracked-pot,破裂的茶壶,10,1600,80,true
1312,chipped-pot,缺损的茶壶,10,38000,80,true
1313,hi-tech-earbuds,厉害耳塞,21,0,,true
1314,fruit-bunch,袋装果实,51,2200,10,true
1315,moomoo-cheese,哞哞乳酪,51,2200,20,true
1316,spice-mix,香料组合,51,400,50,true
1317,fresh-cream,鲜鲜奶油,51,950,10,true
1318,packaged-curry,即食咖喱,51,950,10,true
1319,coconut-milk,椰奶,51,950,10,true
1320,instant-noodles,即食面,51,150,10,true
1321,precooked-burger,即食肉排,51,150,10,true
1322,gigantamix,超极粉,51,15000,50,true
1323,wishing-chip,许愿星碎片,23,0,,true
1324,rotom-bike--water-mode,洛托姆自行车,23,0,,true
1325,catching-charm,防晃护符,21,0,,true
1326,old-letter,陈旧的信,22,0,,true
1327,band-autograph,乐队的签名,23,0,,true
1328,sonias-book,索妮亚的书,22,0,,true
1329,rotom-catalog,洛托姆型录,21,0,,true
1330,dynamax-crystal-and458,星标结晶 1330,49,20,,true
1331,dynamax-crystal-and15,星标结晶 1331,49,20,,true
1332,dynamax-crystal-and337,星标结晶 1332,49,20,,true
1333,dynamax-crystal-and603,星标结晶 1333,49,20,,true
1334,dynamax-crystal-and390,星标结晶 1334,49,20,,true
1335,dynamax-crystal-sgr6879,星标结晶 1335,49,20,,true
1336,dynamax-crystal-sgr6859,星标结晶 1336,49,20,,true
1337,dynamax-crystal-sgr6913,星标结晶 1337,49,20,,true
1338,dynamax-crystal-sgr7348,星标结晶 1338,49,20,,true
1339,dynamax-crystal-sgr7121,星标结晶 1339,49,20,,true
1340,dynamax-crystal-sgr6746,星标结晶 1340,49,20,,true
1341,dynamax-crystal-sgr7194,星标结晶 1341,49,20,,true
1342,dynamax-crystal-sgr7337,星标结晶 1342,49,20,,true
1343,dynamax-crystal-sgr7343,星标结晶 1343,49,20,,true
1344,dynamax-crystal-sgr6812,星标结晶 1344,49,20,,true
1345,dynamax-crystal-sgr7116,星标结晶 1345,49,20,,true
1346,dynamax-crystal-sgr7264,星标结晶 1346,49,20,,true
1347,dynamax-crystal-sgr7597,星标结晶 1347,49,20,,true
1348,dynamax-crystal-del7882,星标结晶 1348,49,20,,true
1349,dynamax-crystal-del7906,星标结晶 1349,49,20,,true
1350,dynamax-crystal-del7852,星标结晶 1350,49,20,,true
1351,dynamax-crystal-psc596,星标结晶 1351,49,20,,true
1352,dynamax-crystal-psc361,星标结晶 1352,49,20,,true
1353,dynamax-crystal-psc510,星标结晶 1353,49,20,,true
1354,dynamax-crystal-psc437,星标结晶 1354,49,20,,true
1355,dynamax-crystal-psc8773,星标结晶 1355,49,20,,true
1356,dynamax-crystal-lep1865,星标结晶 1356,49,20,,true
1357,dynamax-crystal-lep1829,星标结晶 1357,49,20,,true
1358,dynamax-crystal-boo5340,星标结晶 1358,49,20,,true
1359,dynamax-crystal-boo5506,星标结晶 1359,49,20,,true
1360,dynamax-crystal-boo5435,星标结晶 1360,49,20,,true
1361,dynamax-crystal-boo5602,星标结晶 1361,49,20,,true
1362,dynamax-crystal-boo5733,星标结晶 1362,49,20,,true
1363,dynamax-crystal-boo5235,星标结晶 1363,49,20,,true
1364,dynamax-crystal-boo5351,星标结晶 1364,49,20,,true
1365,dynamax-crystal-hya3748,星标结晶 1365,49,20,,true
1366,dynamax-crystal-hya3903,星标结晶 1366,49,20,,true
1367,dynamax-crystal-hya3418,星标结晶 1367,49,20,,true
1368,dynamax-crystal-hya3482,星标结晶 1368,49,20,,true
1369,dynamax-crystal-hya3845,星标结晶 1369,49,20,,true
1370,dynamax-crystal-eri1084,星标结晶 1370,49,20,,true
1371,dynamax-crystal-eri472,星标结晶 1371,49,20,,true
1372,dynamax-crystal-eri1666,星标结晶 1372,49,20,,true
1373,dynamax-crystal-eri897,星标结晶 1373,49,20,,true
1374,dynamax-crystal-eri1231,星标结晶 1374,49,20,,true
1375,dynamax-crystal-eri874,星标结晶 1375,49,20,,true
1376,dynamax-crystal-eri1298,星标结晶 1376,49,20,,true
1377,dynamax-crystal-eri1325,星标结晶 1377,49,20,,true
1378,dynamax-crystal-eri984,星标结晶 1378,49,20,,true
1379,dynamax-crystal-eri1464,星标结晶 1379,49,20,,true
1380,dynamax-crystal-eri1393,星标结晶 1380,49,20,,true
1381,dynamax-crystal-eri850,星标结晶 1381,49,20,,true
1382,dynamax-crystal-tau1409,星标结晶 1382,49,20,,true
1383,dynamax-crystal-tau1457,星标结晶 1383,49,20,,true
1384,dynamax-crystal-tau1165,星标结晶 1384,49,20,,true
1385,dynamax-crystal-tau1791,星标结晶 1385,49,20,,true
1386,dynamax-crystal-tau1910,星标结晶 1386,49,20,,true
1387,dynamax-crystal-tau1346,星标结晶 1387,49,20,,true
1388,dynamax-crystal-tau1373,星标结晶 1388,49,20,,true
1389,dynamax-crystal-tau1412,星标结晶 1389,49,20,,true
1390,dynamax-crystal-cma2491,星标结晶 1390,49,20,,true
1391,dynamax-crystal-cma2693,星标结晶 1391,49,20,,true
1392,dynamax-crystal-cma2294,星标结晶 1392,49,20,,true
1393,dynamax-crystal-cma2827,星标结晶 1393,49,20,,true
1394,dynamax-crystal-cma2282,星标结晶 1394,49,20,,true
1395,dynamax-crystal-cma2618,星标结晶 1395,49,20,,true
1396,dynamax-crystal-cma2657,星标结晶 1396,49,20,,true
1397,dynamax-crystal-cma2646,星标结晶 1397,49,20,,true
1398,dynamax-crystal-uma4905,星标结晶 1398,49,20,,true
1399,dynamax-crystal-uma4301,星标结晶 1399,49,20,,true
1400,dynamax-crystal-uma5191,星标结晶 1400,49,20,,true
1401,dynamax-crystal-uma5054,星标结晶 1401,49,20,,true
1402,dynamax-crystal-uma4295,星标结晶 1402,49,20,,true
1403,dynamax-crystal-uma4660,星标结晶 1403,49,20,,true
1404,dynamax-crystal-uma4554,星标结晶 1404,49,20,,true
1405,dynamax-crystal-uma4069,星标结晶 1405,49,20,,true
1406,dynamax-crystal-uma3569,星标结晶 1406,49,20,,true
1407,dynamax-crystal-uma3323,星标结晶 1407,49,20,,true
1408,dynamax-crystal-uma4033,星标结晶 1408,49,20,,true
1409,dynamax-crystal-uma4377,星标结晶 1409,49,20,,true
1410,dynamax-crystal-uma4375,星标结晶 1410,49,20,,true
1411,dynamax-crystal-uma4518,星标结晶 1411,49,20,,true
1412,dynamax-crystal-uma3594,星标结晶 1412,49,20,,true
1413,dynamax-crystal-vir5056,星标结晶 1413,49,20,,true
1414,dynamax-crystal-vir4825,星标结晶 1414,49,20,,true
1415,dynamax-crystal-vir4932,星标结晶 1415,49,20,,true
1416,dynamax-crystal-vir4540,星标结晶 1416,49,20,,true
1417,dynamax-crystal-vir4689,星标结晶 1417,49,20,,true
1418,dynamax-crystal-vir5338,星标结晶 1418,49,20,,true
1419,dynamax-crystal-vir4910,星标结晶 1419,49,20,,true
1420,dynamax-crystal-vir5315,星标结晶 1420,49,20,,true
1421,dynamax-crystal-vir5359,星标结晶 1421,49,20,,true
1422,dynamax-crystal-vir5409,星标结晶 1422,49,20,,true
1423,dynamax-crystal-vir5107,星标结晶 1423,49,20,,true
1424,dynamax-crystal-ari617,星标结晶 1424,49,20,,true
1425,dynamax-crystal-ari553,星标结晶 1425,49,20,,true
1426,dynamax-crystal-ari546,星标结晶 1426,49,20,,true
1427,dynamax-crystal-ari951,星标结晶 1427,49,20,,true
1428,dynamax-crystal-ori1713,星标结晶 1428,49,20,,true
1429,dynamax-crystal-ori2061,星标结晶 1429,49,20,,true
1430,dynamax-crystal-ori1790,星标结晶 1430,49,20,,true
1431,dynamax-crystal-ori1903,星标结晶 1431,49,20,,true
1432,dynamax-crystal-ori1948,星标结晶 1432,49,20,,true
1433,dynamax-crystal-ori2004,星标结晶 1433,49,20,,true
1434,dynamax-crystal-ori1852,星标结晶 1434,49,20,,true
1435,dynamax-crystal-ori1879,星标结晶 1435,49,20,,true
1436,dynamax-crystal-ori1899,星标结晶 1436,49,20,,true
1437,dynamax-crystal-ori1543,星标结晶 1437,49,20,,true
1438,dynamax-crystal-cas21,星标结晶 1438,49,20,,true
1439,dynamax-crystal-cas168,星标结晶 1439,49,20,,true
1440,dynamax-crystal-cas403,星标结晶 1440,49,20,,true
1441,dynamax-crystal-cas153,星标结晶 1441,49,20,,true
1442,dynamax-crystal-cas542,星标结晶 1442,49,20,,true
1443,dynamax-crystal-cas219,星标结晶 1443,49,20,,true
1444,dynamax-crystal-cas265,星标结晶 1444,49,20,,true
1445,dynamax-crystal-cnc3572,星标结晶 1445,49,20,,true
1446,dynamax-crystal-cnc3208,星标结晶 1446,49,20,,true
1447,dynamax-crystal-cnc3461,星标结晶 1447,49,20,,true
1448,dynamax-crystal-cnc3449,星标结晶 1448,49,20,,true
1449,dynamax-crystal-cnc3429,星标结晶 1449,49,20,,true
1450,dynamax-crystal-cnc3627,星标结晶 1450,49,20,,true
1451,dynamax-crystal-cnc3268,星标结晶 1451,49,20,,true
1452,dynamax-crystal-cnc3249,星标结晶 1452,49,20,,true
1453,dynamax-crystal-com4968,星标结晶 1453,49,20,,true
1454,dynamax-crystal-crv4757,星标结晶 1454,49,20,,true
1455,dynamax-crystal-crv4623,星标结晶 1455,49,20,,true
1456,dynamax-crystal-crv4662,星标结晶 1456,49,20,,true
1457,dynamax-crystal-crv4786,星标结晶 1457,49,20,,true
1458,dynamax-crystal-aur1708,星标结晶 1458,49,20,,true
1459,dynamax-crystal-aur2088,星标结晶 1459,49,20,,true
1460,dynamax-crystal-aur1605,星标结晶 1460,49,20,,true
1461,dynamax-crystal-aur2095,星标结晶 1461,49,20,,true
1462,dynamax-crystal-aur1577,星标结晶 1462,49,20,,true
1463,dynamax-crystal-aur1641,星标结晶 1463,49,20,,true
1464,dynamax-crystal-aur1612,星标结晶 1464,49,20,,true
1465,dynamax-crystal-pav7790,星标结晶 1465,49,20,,true
1466,dynamax-crystal-cet911,星标结晶 1466,49,20,,true
1467,dynamax-crystal-cet681,星标结晶 1467,49,20,,true
1468,dynamax-crystal-cet188,星标结晶 1468,49,20,,true
1469,dynamax-crystal-cet539,星标结晶 1469,49,20,,true
1470,dynamax-crystal-cet804,星标结晶 1470,49,20,,true
1471,dynamax-crystal-cep8974,星标结晶 1471,49,20,,true
1472,dynamax-crystal-cep8162,星标结晶 1472,49,20,,true
1473,dynamax-crystal-cep8238,星标结晶 1473,49,20,,true
1474,dynamax-crystal-cep8417,星标结晶 1474,49,20,,true
1475,dynamax-crystal-cen5267,星标结晶 1475,49,20,,true
1476,dynamax-crystal-cen5288,星标结晶 1476,49,20,,true
1477,dynamax-crystal-cen551,星标结晶 1477,49,20,,true
1478,dynamax-crystal-cen5459,星标结晶 1478,49,20,,true
1479,dynamax-crystal-cen5460,星标结晶 1479,49,20,,true
1480,dynamax-crystal-cmi2943,星标结晶 1480,49,20,,true
1481,dynamax-crystal-cmi2845,星标结晶 1481,49,20,,true
1482,dynamax-crystal-equ8131,星标结晶 1482,49,20,,true
1483,dynamax-crystal-vul7405,星标结晶 1483,49,20,,true
1484,dynamax-crystal-umi424,星标结晶 1484,49,20,,true
1485,dynamax-crystal-umi5563,星标结晶 1485,49,20,,true
1486,dynamax-crystal-umi5735,星标结晶 1486,49,20,,true
1487,dynamax-crystal-umi6789,星标结晶 1487,49,20,,true
1488,dynamax-crystal-crt4287,星标结晶 1488,49,20,,true
1489,dynamax-crystal-lyr7001,星标结晶 1489,49,20,,true
1490,dynamax-crystal-lyr7178,星标结晶 1490,49,20,,true
1491,dynamax-crystal-lyr7106,星标结晶 1491,49,20,,true
1492,dynamax-crystal-lyr7298,星标结晶 1492,49,20,,true
1493,dynamax-crystal-ara6585,星标结晶 1493,49,20,,true
1494,dynamax-crystal-sco6134,星标结晶 1494,49,20,,true
1495,dynamax-crystal-sco6527,星标结晶 1495,49,20,,true
1496,dynamax-crystal-sco6553,星标结晶 1496,49,20,,true
1497,dynamax-crystal-sco5953,星标结晶 1497,49,20,,true
1498,dynamax-crystal-sco5984,星标结晶 1498,49,20,,true
1499,dynamax-crystal-sco6508,星标结晶 1499,49,20,,true
1500,dynamax-crystal-sco6084,星标结晶 1500,49,20,,true
1501,dynamax-crystal-sco5944,星标结晶 1501,49,20,,true
1502,dynamax-crystal-sco6630,星标结晶 1502,49,20,,true
1503,dynamax-crystal-sco6027,星标结晶 1503,49,20,,true
1504,dynamax-crystal-sco6247,星标结晶 1504,49,20,,true
1505,dynamax-crystal-sco6252,星标结晶 1505,49,20,,true
1506,dynamax-crystal-sco5928,星标结晶 1506,49,20,,true
1507,dynamax-crystal-sco6241,星标结晶 1507,49,20,,true
1508,dynamax-crystal-sco6165,星标结晶 1508,49,20,,true
1509,dynamax-crystal-tri544,星标结晶 1509,49,20,,true
1510,dynamax-crystal-leo3982,星标结晶 1510,49,20,,true
1511,dynamax-crystal-leo4534,星标结晶 1511,49,20,,true
1512,dynamax-crystal-leo4357,星标结晶 1512,49,20,,true
1513,dynamax-crystal-leo4057,星标结晶 1513,49,20,,true
1514,dynamax-crystal-leo4359,星标结晶 1514,49,20,,true
1515,dynamax-crystal-leo4031,星标结晶 1515,49,20,,true
1516,dynamax-crystal-leo3852,星标结晶 1516,49,20,,true
1517,dynamax-crystal-leo3905,星标结晶 1517,49,20,,true
1518,dynamax-crystal-leo3773,星标结晶 1518,49,20,,true
1519,dynamax-crystal-gru8425,星标结晶 1519,49,20,,true
1520,dynamax-crystal-gru8636,星标结晶 1520,49,20,,true
1521,dynamax-crystal-gru8353,星标结晶 1521,49,20,,true
1522,dynamax-crystal-lib5685,星标结晶 1522,49,20,,true
1523,dynamax-crystal-lib5531,星标结晶 1523,49,20,,true
1524,dynamax-crystal-lib5787,星标结晶 1524,49,20,,true
1525,dynamax-crystal-lib5603,星标结晶 1525,49,20,,true
1526,dynamax-crystal-pup3165,星标结晶 1526,49,20,,true
1527,dynamax-crystal-pup3185,星标结晶 1527,49,20,,true
1528,dynamax-crystal-pup3045,星标结晶 1528,49,20,,true
1529,dynamax-crystal-cyg7924,星标结晶 1529,49,20,,true
1530,dynamax-crystal-cyg7417,星标结晶 1530,49,20,,true
1531,dynamax-crystal-cyg7796,星标结晶 1531,49,20,,true
1532,dynamax-crystal-cyg8301,星标结晶 1532,49,20,,true
1533,dynamax-crystal-cyg7949,星标结晶 1533,49,20,,true
1534,dynamax-crystal-cyg7528,星标结晶 1534,49,20,,true
1535,dynamax-crystal-oct7228,星标结晶 1535,49,20,,true
1536,dynamax-crystal-col1956,星标结晶 1536,49,20,,true
1537,dynamax-crystal-col2040,星标结晶 1537,49,20,,true
1538,dynamax-crystal-col2177,星标结晶 1538,49,20,,true
1539,dynamax-crystal-gem2990,星标结晶 1539,49,20,,true
1540,dynamax-crystal-gem2891,星标结晶 1540,49,20,,true
1541,dynamax-crystal-gem2421,星标结晶 1541,49,20,,true
1542,dynamax-crystal-gem2473,星标结晶 1542,49,20,,true
1543,dynamax-crystal-gem2216,星标结晶 1543,49,20,,true
1544,dynamax-crystal-gem2777,星标结晶 1544,49,20,,true
1545,dynamax-crystal-gem2650,星标结晶 1545,49,20,,true
1546,dynamax-crystal-gem2286,星标结晶 1546,49,20,,true
1547,dynamax-crystal-gem2484,星标结晶 1547,49,20,,true
1548,dynamax-crystal-gem2930,星标结晶 1548,49,20,,true
1549,dynamax-crystal-peg8775,星标结晶 1549,49,20,,true
1550,dynamax-crystal-peg8781,星标结晶 1550,49,20,,true
1551,dynamax-crystal-peg39,星标结晶 1551,49,20,,true
1552,dynamax-crystal-peg8308,星标结晶 1552,49,20,,true
1553,dynamax-crystal-peg8650,星标结晶 1553,49,20,,true
1554,dynamax-crystal-peg8634,星标结晶 1554,49,20,,true
1555,dynamax-crystal-peg8684,星标结晶 1555,49,20,,true
1556,dynamax-crystal-peg8450,星标结晶 1556,49,20,,true
1557,dynamax-crystal-peg8880,星标结晶 1557,49,20,,true
1558,dynamax-crystal-peg8905,星标结晶 1558,49,20,,true
1559,dynamax-crystal-oph6556,星标结晶 1559,49,20,,true
1560,dynamax-crystal-oph6378,星标结晶 1560,49,20,,true
1561,dynamax-crystal-oph6603,星标结晶 1561,49,20,,true
1562,dynamax-crystal-oph6149,星标结晶 1562,49,20,,true
1563,dynamax-crystal-oph6056,星标结晶 1563,49,20,,true
1564,dynamax-crystal-oph6075,星标结晶 1564,49,20,,true
1565,dynamax-crystal-ser5854,星标结晶 1565,49,20,,true
1566,dynamax-crystal-ser7141,星标结晶 1566,49,20,,true
1567,dynamax-crystal-ser5879,星标结晶 1567,49,20,,true
1568,dynamax-crystal-her6406,星标结晶 1568,49,20,,true
1569,dynamax-crystal-her6148,星标结晶 1569,49,20,,true
1570,dynamax-crystal-her6410,星标结晶 1570,49,20,,true
1571,dynamax-crystal-her6526,星标结晶 1571,49,20,,true
1572,dynamax-crystal-her6117,星标结晶 1572,49,20,,true
1573,dynamax-crystal-her6008,星标结晶 1573,49,20,,true
1574,dynamax-crystal-per936,星标结晶 1574,49,20,,true
1575,dynamax-crystal-per1017,星标结晶 1575,49,20,,true
1576,dynamax-crystal-per1131,星标结晶 1576,49,20,,true
1577,dynamax-crystal-per1228,星标结晶 1577,49,20,,true
1578,dynamax-crystal-per834,星标结晶 1578,49,20,,true
1579,dynamax-crystal-per941,星标结晶 1579,49,20,,true
1580,dynamax-crystal-phe99,星标结晶 1580,49,20,,true
1581,dynamax-crystal-phe338,星标结晶 1581,49,20,,true
1582,dynamax-crystal-vel3634,星标结晶 1582,49,20,,true
1583,dynamax-crystal-vel3485,星标结晶 1583,49,20,,true
1584,dynamax-crystal-vel3734,星标结晶 1584,49,20,,true
1585,dynamax-crystal-aqr8232,星标结晶 1585,49,20,,true
1586,dynamax-crystal-aqr8414,星标结晶 1586,49,20,,true
1587,dynamax-crystal-aqr8709,星标结晶 1587,49,20,,true
1588,dynamax-crystal-aqr8518,星标结晶 1588,49,20,,true
1589,dynamax-crystal-aqr7950,星标结晶 1589,49,20,,true
1590,dynamax-crystal-aqr8499,星标结晶 1590,49,20,,true
1591,dynamax-crystal-aqr8610,星标结晶 1591,49,20,,true
1592,dynamax-crystal-aqr8264,星标结晶 1592,49,20,,true
1593,dynamax-crystal-cru4853,星标结晶 1593,49,20,,true
1594,dynamax-crystal-cru4730,星标结晶 1594,49,20,,true
1595,dynamax-crystal-cru4763,星标结晶 1595,49,20,,true
1596,dynamax-crystal-cru4700,星标结晶 1596,49,20,,true
1597,dynamax-crystal-cru4656,星标结晶 1597,49,20,,true
1598,dynamax-crystal-psa8728,星标结晶 1598,49,20,,true
1599,dynamax-crystal-tra6217,星标结晶 1599,49,20,,true
1600,dynamax-crystal-cap7776,星标结晶 1600,49,20,,true
1601,dynamax-crystal-cap7754,星标结晶 1601,49,20,,true
1602,dynamax-crystal-cap8278,星标结晶 1602,49,20,,true
1603,dynamax-crystal-cap8322,星标结晶 1603,49,20,,true
1604,dynamax-crystal-cap7773,星标结晶 1604,49,20,,true
1605,dynamax-crystal-sge7479,星标结晶 1605,49,20,,true
1606,dynamax-crystal-car2326,星标结晶 1606,49,20,,true
1607,dynamax-crystal-car3685,星标结晶 1607,49,20,,true
1608,dynamax-crystal-car3307,星标结晶 1608,49,20,,true
1609,dynamax-crystal-car3699,星标结晶 1609,49,20,,true
1610,dynamax-crystal-dra5744,星标结晶 1610,49,20,,true
1611,dynamax-crystal-dra5291,星标结晶 1611,49,20,,true
1612,dynamax-crystal-dra6705,星标结晶 1612,49,20,,true
1613,dynamax-crystal-dra6536,星标结晶 1613,49,20,,true
1614,dynamax-crystal-dra7310,星标结晶 1614,49,20,,true
1615,dynamax-crystal-dra6688,星标结晶 1615,49,20,,true
1616,dynamax-crystal-dra4434,星标结晶 1616,49,20,,true
1617,dynamax-crystal-dra6370,星标结晶 1617,49,20,,true
1618,dynamax-crystal-dra7462,星标结晶 1618,49,20,,true
1619,dynamax-crystal-dra6396,星标结晶 1619,49,20,,true
1620,dynamax-crystal-dra6132,星标结晶 1620,49,20,,true
1621,dynamax-crystal-dra6636,星标结晶 1621,49,20,,true
1622,dynamax-crystal-cvn4915,星标结晶 1622,49,20,,true
1623,dynamax-crystal-cvn4785,星标结晶 1623,49,20,,true
1624,dynamax-crystal-cvn4846,星标结晶 1624,49,20,,true
1625,dynamax-crystal-aql7595,星标结晶 1625,49,20,,true
1626,dynamax-crystal-aql7557,星标结晶 1626,49,20,,true
1627,dynamax-crystal-aql7525,星标结晶 1627,49,20,,true
1628,dynamax-crystal-aql7602,星标结晶 1628,49,20,,true
1629,dynamax-crystal-aql7235,星标结晶 1629,49,20,,true
1630,max-honey,极巨甜蜜,29,4000,30,true
1631,max-mushrooms,极巨菇菇,1,6000,30,true
1632,galarica-twig,伽勒豆蔻枝,9,20,30,true
1633,galarica-cuff,伽勒豆蔻手环,9,3000,30,true
1634,style-card,时尚名人卡,21,0,,true
1635,armor-pass,铠甲车票,22,0,,true
1636,rotom-bike--sparkling-white,洛托姆自行车,23,0,,true
1637,rotom-bike--glistening-black,洛托姆自行车,23,0,,true
1638,exp-charm,经验护符,21,0,,true
1639,armorite-ore,铠甲矿石,9,20,30,true
1640,mark-charm,证章护符,21,0,,true
1641,reins-of-unity--merge,牵绊缰绳,23,0,,true
1642,reins-of-unity--split,牵绊缰绳,23,0,,true
1643,galarica-wreath,伽勒豆蔻花圈,9,3000,30,true
1644,legendary-clue-1,传说笔记１,22,0,,true
1645,legendary-clue-2,传说笔记２,22,0,,true
1646,legendary-clue-3,传说笔记３,22,0,,true
1647,legendary-clue-question,传说笔记？,22,0,,true
1648,crown-pass,王冠车票,22,0,,true
1649,wooden-crown,木雕王冠,22,0,,true
1650,radiant-petal,光辉花瓣,22,0,,true
1651,white-mane-hair,白色鬃毛,22,0,,true
1652,black-mane-hair,黑色鬃毛,22,0,,true
1653,iceroot-carrot,冰萝卜,22,0,,true
1654,shaderoot-carrot,黑萝卜,22,0,,true
1655,dynite-ore,极矿石,9,20,30,true
1656,carrot-seeds,萝卜种子,22,20,,true
1657,ability-patch,特性膏药,26,20,,true
1658,reins-of-unity,牵绊缰绳,22,0,,true
1659,adamant-crystal,大金刚宝玉,21,0,,true
1660,lustrous-globe,大白宝玉,21,0,,true
1661,griseous-core,大白金宝玉,21,0,,true
1662,blank-plate,净空石板,17,0,,true
1663,strange-ball,奇异球,20,0,,true
1664,legend-plate,传说石板,17,0,,true
1665,rotom-phone,手机洛托姆,20,0,,true
1666,sandwich,三明治,20,0,,true
1667,koraidons-poke-ball,故勒顿的球,20,0,,true
1668,miraidons-poke-ball,密勒顿的球,20,0,,true
1669,tera-orb,太晶珠,20,0,,true
1670,scarlet-book,朱之书,20,0,,true
1671,violet-book,紫之书,20,0,,true
1672,kofus-wallet,海岱的钱包,22,0,,true
1673,tiny-bamboo-shoot,小竹笋,24,375,,true
1674,big-bamboo-shoot,大竹笋,24,1500,,true
1675,scroll-of-darkness,恶之挂轴,21,0,,true
1676,scroll-of-waters,水之挂轴,21,0,,true
1677,malicious-armor,咒术之铠,10,750,,true
1678,normal-tera-shard,一般太晶碎块,52,500,,true
1679,fire-tera-shard,火太晶碎块,52,500,,true
1680,water-tera-shard,水太晶碎块,52,500,,true
1681,electric-tera-shard,电太晶碎块,52,500,,true
1682,grass-tera-shard,草太晶碎块,52,500,,true
1683,ice-tera-shard,冰太晶碎块,52,500,,true
1684,fighting-tera-shard,格斗太晶碎块,52,500,,true
1685,poison-tera-shard,毒太晶碎块,52,500,,true
1686,ground-tera-shard,地面太晶碎块,52,500,,true
1687,flying-tera-shard,飞行太晶碎块,52,500,,true
1688,psychic-tera-shard,超能力太晶碎块,52,500,,true
1689,bug-tera-shard,虫太晶碎块,52,500,,true
1690,rock-tera-shard,岩石太晶碎块,52,500,,true
1691,ghost-tera-shard,幽灵太晶碎块,52,500,,true
1692,dragon-tera-shard,龙太晶碎块,52,500,,true
1693,dark-tera-shard,恶太晶碎块,52,500,,true
1694,steel-tera-shard,钢太晶碎块,52,500,,true
1695,fairy-tera-shard,妖精太晶碎块,52,500,,true
1696,booster-energy,驱劲能量,12,0,,true
1697,ability-shield,特性护具,12,20000,,true
1698,clear-amulet,清净坠饰,12,30000,,true
1699,mirror-herb,模仿香草,12,30000,,true
1700,punching-glove,拳击手套,12,15000,,true
1701,covert-cloak,密探斗篷,12,20000,,true
1702,loaded-dice,机变骰子,12,20000,,true
1703,baguette,长棍面包,53,0,,true
1704,mayonnaise,蛋黄酱,53,120,,true
1705,ketchup,番茄酱,53,110,,true
1706,mustard,黄芥末酱,53,130,,true
1707,butter,黄油,53,250,,true
1708,peanut-butter,花生酱,53,300,,true
1709,chili-sauce,辣酱,53,320,,true
1710,salt,盐,53,90,,true
1711,pepper,胡椒,53,100,,true
1712,yogurt,酸奶,53,140,,true
1713,whipped-cream,鲜奶油,53,200,,true
1714,cream-cheese,奶油芝士,53,280,,true
1715,jam,莓果酱,53,120,,true
1716,marmalade,橘子酱,53,260,,true
1717,olive-oil,橄榄油,53,300,,true
1718,vinegar,醋,53,300,,true
1719,sweet-herba-mystica,秘传：甜味料,53,0,,true
1720,salty-herba-mystica,秘传：咸味料,53,0,,true
1721,sour-herba-mystica,秘传：酸味料,53,0,,true
1722,bitter-herba-mystica,秘传：苦味料,53,0,,true
1723,spicy-herba-mystica,秘传：辣味料,53,0,,true
1724,lettuce,生菜,53,90,,true
1725,tomato,西红柿片,53,100,,true
1726,cherry-tomatoes,小西红柿块,53,120,,true
1727,cucumber,小黄瓜片,53,130,,true
1728,pickle,酸黄瓜片,53,90,,true
1729,onion,洋葱片,53,130,,true
1730,red-onion,红洋葱,53,230,,true
1731,green-bell-pepper,青椒片,53,230,,true
1732,red-bell-pepper,红椒片,53,240,,true
1733,yellow-bell-pepper,黄椒片,53,240,,true
1734,avocado,牛油果,53,180,,true
1735,bacon,煎培根,53,150,,true
1736,ham,火腿片,53,170,,true
1737,prosciutto,生火腿,53,200,,true
1738,chorizo,煎辣香肠,53,150,,true
1739,herbed-sausage,香草香肠,53,400,,true
1740,hamburger,汉堡排,53,380,,true
1741,klawf-stick,毛崖蟹棒,53,500,,true
1742,smoked-fillet,烟熏鱼片,53,330,,true
1743,fried-fillet,炸鱼片,53,360,,true
1744,egg,水煮蛋片,53,80,,true
1745,potato-tortilla,烘蛋,53,250,,true
1746,tofu,豆腐,53,260,,true
1747,rice,米饭,53,280,,true
1748,noodles,面条,53,280,,true
1749,potato-salad,土豆色拉,53,110,,true
1750,cheese,芝士片,53,120,,true
1751,banana,香蕉片,53,80,,true
1752,strawberry,草莓片,53,140,,true
1753,apple,苹果片,53,130,,true
1754,kiwi,奇异果片,53,180,,true
1755,pineapple,凤梨片,53,250,,true
1756,jalapeno,小辣椒,53,220,,true
1757,horseradish,辣根,53,410,,true
1758,curry-powder,咖喱粉,53,450,,true
1759,wasabi,芥末酱,53,330,,true
1760,watercress,豆瓣菜,53,270,,true
1761,basil,罗勒,53,280,,true
1762,venonat-fang,毛球的牙,54,80,,true
1763,diglett-dirt,地鼠的土,54,80,,true
1764,meowth-fur,喵喵的毛,54,80,,true
1765,psyduck-down,可达鸭的羽绒,54,60,,true
1766,mankey-fur,猴怪的毛,54,80,,true
1767,growlithe-fur,卡蒂狗的毛,54,80,,true
1768,slowpoke-claw,呆呆兽的爪子,54,80,,true
1769,magnemite-screw,小磁怪的螺丝,54,80,,true
1770,grimer-toxin,臭泥的毒素,54,80,,true
1771,shellder-pearl,大舌贝的珍珠,54,140,,true
1772,gastly-gas,鬼斯的气体,54,80,,true
1773,drowzee-fur,催眠貘的毛,54,60,,true
1774,voltorb-sparks,霹雳电球的电力,54,80,,true
1775,scyther-claw,飞天螳螂的爪子,54,100,,true
1776,tauros-hair,肯泰罗的毛,54,100,,true
1777,magikarp-scales,鲤鱼王的鳞片,54,40,,true
1778,ditto-goo,百变怪的黏糊,54,300,,true
1779,eevee-fur,伊布的毛,54,200,,true
1780,dratini-scales,迷你龙的鳞片,54,200,,true
1781,pichu-fur,皮丘的毛,54,100,,true
1782,igglybuff-fluff,宝宝丁的毛,54,60,,true
1783,mareep-wool,咩利羊的毛球,54,60,,true
1784,hoppip-leaf,毽子草的叶片,54,60,,true
1785,sunkern-leaf,向日种子的叶片,54,60,,true
1786,murkrow-bauble,黑暗鸦的宝物,54,100,,true
1787,misdreavus-tears,梦妖的眼泪,54,80,,true
1788,girafarig-fur,麒麟奇的毛,54,100,,true
1789,pineco-husk,榛果球的壳,54,80,,true
1790,dunsparce-scales,土龙弟弟的鳞片,54,120,,true
1791,qwilfish-spines,千针鱼的刺,54,80,,true
1792,heracross-claw,赫拉克罗斯的爪子,54,100,,true
1793,sneasel-claw,狃拉的爪子,54,80,,true
1794,teddiursa-claw,熊宝宝的爪子,54,80,,true
1795,delibird-parcel,信使鸟的行李,54,240,,true
1796,houndour-fang,戴鲁比的牙,54,80,,true
1797,phanpy-nail,小小象的爪子,54,80,,true
1798,stantler-hair,惊角鹿的毛,54,120,,true
1799,larvitar-claw,幼基拉斯的爪子,54,200,,true
1800,wingull-feather,长翅鸥的羽毛,54,60,,true
1801,ralts-dust,拉鲁拉丝的掉落物,54,80,,true
1802,surskit-syrup,溜溜糖球的蜜,54,60,,true
1803,shroomish-spores,蘑蘑菇的孢子,54,80,,true
1804,slakoth-fur,懒人獭的毛,54,60,,true
1805,makuhita-sweat,幕下力士的汗,54,80,,true
1806,azurill-fur,露力丽的毛,54,60,,true
1807,sableye-gem,勾魂眼的宝石,54,200,,true
1808,meditite-sweat,玛沙那的汗,54,80,,true
1809,gulpin-mucus,溶食兽的黏液,54,80,,true
1810,numel-lava,呆火驼的熔岩,54,80,,true
1811,torkoal-coal,煤炭龟的煤炭,54,140,,true
1812,spoink-pearl,跳跳猪的珍珠,54,140,,true
1813,cacnea-needle,刺球仙人掌的刺,54,80,,true
1814,swablu-fluff,青绵鸟的羽毛,54,100,,true
1815,zangoose-claw,猫鼬斩的爪子,54,120,,true
1816,seviper-fang,饭匙蛇的牙,54,120,,true
1817,barboach-slime,泥泥鳅的黏液,54,60,,true
1818,shuppet-scrap,怨影娃娃的残片,54,80,,true
1819,tropius-leaf,热带龙的叶片,54,140,,true
1820,snorunt-fur,雪童子的毛,54,80,,true
1821,luvdisc-scales,爱心鱼的鳞片,54,160,,true
1822,bagon-scales,宝贝龙的鳞片,54,200,,true
1823,starly-feather,姆克儿的羽毛,54,60,,true
1824,kricketot-shell,圆法师的蜕壳,54,40,,true
1825,shinx-fang,小猫怪的牙,54,60,,true
1826,combee-honey,三蜜蜂的蜜,54,100,,true
1827,pachirisu-fur,帕奇利兹的毛,54,100,,true
1828,buizel-fur,泳圈鼬的毛,54,80,,true
1829,shellos-mucus,无壳海兔的黏液,54,80,,true
1830,drifloon-gas,飘飘球的气体,54,80,,true
1831,stunky-fur,臭鼬噗的毛,54,80,,true
1832,bronzor-fragment,铜镜怪的碎片,54,80,,true
1833,bonsly-tears,盆才怪的眼泪,54,80,,true
1834,happiny-dust,小福蛋的掉落物,54,300,,true
1835,spiritomb-fragment,花岩怪的碎片,54,240,,true
1836,gible-scales,圆陆鲨的鳞片,54,200,,true
1837,riolu-fur,利欧路的毛,54,160,,true
1838,hippopotas-sand,沙河马的沙,54,80,,true
1839,croagunk-poison,不良蛙的毒素,54,80,,true
1840,finneon-scales,荧光鱼的鳞片,54,80,,true
1841,snover-berries,雪笠怪的果实,54,60,,true
1842,rotom-sparks,洛托姆的电力,54,200,,true
1843,petilil-leaf,百合根娃娃的叶片,54,60,,true
1844,basculin-fang,野蛮鲈鱼的牙,54,80,,true
1845,sandile-claw,黑眼鳄的爪子,54,80,,true
1846,zorua-fur,索罗亚的毛,54,140,,true
1847,gothita-eyelash,哥德宝宝的睫毛,54,80,,true
1848,deerling-hair,四季鹿的毛,54,60,,true
1849,foongus-spores,哎呀球菇的孢子,54,80,,true
1850,alomomola-mucus,保姆曼波的黏液,54,120,,true
1851,tynamo-slime,麻麻小鱼的黏液,54,80,,true
1852,axew-scales,牙牙的鳞片,54,200,,true
1853,cubchoo-fur,喷嚏熊的毛,54,80,,true
1854,cryogonal-ice,几何雪花的冰,54,100,,true
1855,pawniard-blade,驹刀小兵的刀,54,80,,true
1856,rufflet-feather,毛头小鹰的羽毛,54,80,,true
1857,deino-scales,单首龙的鳞片,54,200,,true
1858,larvesta-fuzz,灼伤虫的毛,54,200,,true
1859,fletchling-feather,小箭雀的羽毛,54,60,,true
1860,scatterbug-powder,粉蝶虫的粉,54,40,,true
1861,litleo-tuft,小狮狮的鬃毛,54,80,,true
1862,flabebe-pollen,花蓓蓓的花粉,54,80,,true
1863,skiddo-leaf,坐骑小羊的叶片,54,80,,true
1864,skrelp-kelp,垃垃藻的碎藻,54,100,,true
1865,clauncher-claw,铁臂枪虾的钳子,54,100,,true
1866,hawlucha-down,摔角鹰人的羽绒,54,100,,true
1867,dedenne-fur,咚咚鼠的毛,54,100,,true
1868,goomy-goo,黏黏宝的黏液,54,140,,true
1869,klefki-key,钥圈儿的钥匙,54,100,,true
1870,bergmite-ice,冰宝的冰,54,80,,true
1871,noibat-fur,嗡蝠的毛,54,80,,true
1872,yungoos-fur,猫鼬少的毛,54,60,,true
1873,crabrawler-shell,好胜蟹的壳,54,100,,true
1874,oricorio-feather,花舞鸟的羽毛,54,100,,true
1875,rockruff-rock,岩狗狗的岩石,54,80,,true
1876,mareanie-spike,好坏星的刺,54,80,,true
1877,mudbray-mud,泥驴仔的泥巴,54,80,,true
1878,fomantis-leaf,伪螳草的叶片,54,80,,true
1879,salandit-gas,夜盗火蜥的气体,54,80,,true
1880,bounsweet-sweat,甜竹竹的汗,54,80,,true
1881,oranguru-fur,智挥猩的毛,54,120,,true
1882,passimian-fur,投掷猴的毛,54,120,,true
1883,sandygast-sand,沙丘娃的沙,54,80,,true
1884,komala-claw,树枕尾熊的爪子,54,100,,true
1885,mimikyu-scrap,谜拟丘的残片,54,40,,true
1886,bruxish-tooth,磨牙彩皮鱼的牙齿,54,100,,true
1887,chewtle-claw,咬咬龟的爪子,54,80,,true
1888,skwovet-fur,贪心栗鼠的毛,54,60,,true
1889,arrokuda-scales,刺梭鱼的鳞片,54,80,,true
1890,rookidee-feather,稚山雀的羽毛,54,80,,true
1891,toxel-sparks,电音婴的电力,54,80,,true
1892,falinks-sweat,列阵兵的汗,54,120,,true
1893,cufant-tarnish,铜象的锈,54,80,,true
1894,rolycoly-coal,小炭仔的煤炭,54,80,,true
1895,silicobra-sand,沙包蛇的沙,54,80,,true
1896,indeedee-fur,爱管侍的毛,54,120,,true
1897,pincurchin-spines,啪嚓海胆的针,54,100,,true
1898,snom-thread,雪吞虫的丝,54,80,,true
1899,impidimp-hair,捣蛋小妖的毛,54,80,,true
1900,applin-juice,啃果虫的果汁,54,100,,true
1901,sinistea-chip,来悲茶的碎片,54,80,,true
1902,hatenna-dust,迷布莉姆的掉落物,54,80,,true
1903,stonjourner-stone,巨石丁的岩石,54,120,,true
1904,eiscue-down,冰砌鹅的羽绒,54,120,,true
1905,dreepy-powder,多龙梅西亚的粉,54,200,,true
1906,lechonk-hair,爱吃豚的毛,54,60,,true
1907,tarountula-thread,团珠蛛的丝,54,60,,true
1908,nymble-claw,豆蟋蟀的爪子,54,60,,true
1909,rellor-mud,虫滚泥的泥巴,54,80,,true
1910,greavard-wax,墓仔狗的蜡,54,80,,true
1911,flittle-down,飘飘雏的羽绒,54,80,,true
1912,wiglett-sand,海地鼠的沙,54,80,,true
1913,dondozo-whisker,吃吼霸的胡须,54,160,,true
1914,veluza-fillet,轻身鳕的鱼片,54,140,,true
1915,finizen-mucus,波普海豚的黏液,54,100,,true
1916,smoliv-oil,迷你芙的油,54,80,,true
1917,capsakid-seed,热辣娃的种子,54,80,,true
1918,tadbulb-mucus,光蚪仔的黏液,54,80,,true
1919,varoom-fume,噗隆隆的气体,54,80,,true
1920,orthworm-tarnish,拖拖蚓的锈,54,200,,true
1921,tandemaus-fur,一对鼠的毛,54,80,,true
1922,cetoddle-grease,走鲸的油脂,54,80,,true
1923,frigibax-scales,凉脊龙的鳞片,54,200,,true
1924,tatsugiri-scales,米立龙的鳞片,54,200,,true
1925,cyclizar-scales,摩托蜥的鳞片,54,120,,true
1926,pawmi-fur,布拨的毛,54,100,,true
1927,wattrel-feather,电海燕的羽毛,54,120,,true
1928,bombirdier-feather,下石鸟的羽毛,54,200,,true
1929,squawkabilly-feather,怒鹦哥的羽毛,54,80,,true
1930,flamigo-down,缠红鹤的羽绒,54,80,,true
1931,klawf-claw,毛崖蟹的钳子,54,200,,true
1932,nacli-salt,盐石宝的盐,54,80,,true
1933,glimmet-crystal,晶光芽的结晶,54,120,,true
1934,shroodle-ink,滋汁鼹的墨汁,54,80,,true
1935,fidough-fur,狗仔包的毛,54,80,,true
1936,maschiff-fang,偶叫獒的牙,54,80,,true
1937,bramblin-twig,纳噬草的枝条,54,80,,true
1938,gimmighoul-coin,索财灵的硬币,54,800,,true
1939,tinkatink-hair,小锻匠的毛,54,80,,true
1940,charcadet-soot,炭小侍的煤灰,54,160,,true
1941,toedscool-flaps,原野水母的薄片,54,100,,true
1942,wooper-slime,乌波的黏液,54,60,,true
1944,tm101,技能学习器１０１,37,0,,true
1945,tm102,技能学习器１０２,37,0,,true
1946,tm103,技能学习器１０３,37,0,,true
1947,tm104,技能学习器１０４,37,0,,true
1948,tm105,技能学习器１０５,37,0,,true
1949,tm106,技能学习器１０６,37,0,,true
1950,tm107,技能学习器１０７,37,0,,true
1951,tm108,技能学习器１０８,37,0,,true
1952,tm109,技能学习器１０９,37,0,,true
1953,tm110,技能学习器１１０,37,0,,true
1954,tm111,技能学习器１１１,37,0,,true
1955,tm112,技能学习器１１２,37,0,,true
1956,tm113,技能学习器１１３,37,0,,true
1957,tm114,技能学习器１１４,37,0,,true
1958,tm115,技能学习器１１５,37,0,,true
1959,tm116,技能学习器１１６,37,0,,true
1960,tm117,技能学习器１１７,37,0,,true
1961,tm118,技能学习器１１８,37,0,,true
1962,tm119,技能学习器１１９,37,0,,true
1963,tm120,技能学习器１２０,37,0,,true
1964,tm121,技能学习器１２１,37,0,,true
1965,tm122,技能学习器１２２,37,0,,true
1966,tm123,技能学习器１２３,37,0,,true
1967,tm124,技能学习器１２４,37,0,,true
1968,tm125,技能学习器１２５,37,0,,true
1969,tm126,技能学习器１２６,37,0,,true
1970,tm127,技能学习器１２７,37,0,,true
1971,tm128,技能学习器１２８,37,0,,true
1972,tm129,技能学习器１２９,37,0,,true
1973,tm130,技能学习器１３０,37,0,,true
1974,tm131,技能学习器１３１,37,0,,true
1975,tm132,技能学习器１３２,37,0,,true
1976,tm133,技能学习器１３３,37,0,,true
1977,tm134,技能学习器１３４,37,0,,true
1978,tm135,技能学习器１３５,37,0,,true
1979,tm136,技能学习器１３６,37,0,,true
1980,tm137,技能学习器１３７,37,0,,true
1981,tm138,技能学习器１３８,37,0,,true
1982,tm139,技能学习器１３９,37,0,,true
1983,tm140,技能学习器１４０,37,0,,true
1984,tm141,技能学习器１４１,37,0,,true
1985,tm142,技能学习器１４２,37,0,,true
1986,tm143,技能学习器１４３,37,0,,true
1987,tm144,技能学习器１４４,37,0,,true
1988,tm145,技能学习器１４５,37,0,,true
1989,tm146,技能学习器１４６,37,0,,true
1990,tm147,技能学习器１４７,37,0,,true
1991,tm148,技能学习器１４８,37,0,,true
1992,tm149,技能学习器１４９,37,0,,true
1993,tm150,技能学习器１５０,37,0,,true
1994,tm151,技能学习器１５１,37,0,,true
1995,tm152,技能学习器１５２,37,0,,true
1996,tm153,技能学习器１５３,37,0,,true
1997,tm154,技能学习器１５４,37,0,,true
1998,tm155,技能学习器１５５,37,0,,true
1999,tm156,技能学习器１５６,37,0,,true
2000,tm157,技能学习器１５７,37,0,,true
2001,tm158,技能学习器１５８,37,0,,true
2002,tm159,技能学习器１５９,37,0,,true
2003,tm160,技能学习器１６０,37,0,,true
2004,tm161,技能学习器１６１,37,0,,true
2005,tm162,技能学习器１６２,37,0,,true
2006,tm163,技能学习器１６３,37,0,,true
2007,tm164,技能学习器１６４,37,0,,true
2008,tm165,技能学习器１６５,37,0,,true
2009,tm166,技能学习器１６６,37,0,,true
2010,tm167,技能学习器１６７,37,0,,true
2011,tm168,技能学习器１６８,37,0,,true
2012,tm169,技能学习器１６９,37,0,,true
2013,tm170,技能学习器１７０,37,0,,true
2014,tm171,技能学习器１７１,37,0,,true
2015,picnic-set,野餐组合,55,0,,true
2016,academy-bottle,校园水壶,55,0,,true
2018,polka-dot-bottle,圆点水壶,55,1000,,true
2019,striped-bottle,条纹水壶,55,1000,,true
2020,diamond-bottle,菱纹水壶,55,1000,,true
2021,academy-cup,校园水杯,55,0,,true
2023,striped-cup,直条纹水杯,55,800,,true
2024,polka-dot-cup,圆点水杯,55,800,,true
2025,flower-pattern-cup,花朵水杯,55,800,,true
2026,academy-tablecloth,校园桌巾,55,0,,true
2028,whimsical-tablecloth,幻彩桌巾,55,2000,,true
2029,leafy-tablecloth,大自然桌巾,55,2000,,true
2030,spooky-tablecloth,鬼祟桌巾,55,4000,,true
2031,academy-ball,校园球,55,0,,true
2033,marill-ball,玛力露球,55,2000,,true
2034,yarn-ball,毛线球,55,1000,,true
2035,cyber-ball,电竞球,55,2000,,true
2036,gold-pick,金色三明治签,55,400,,true
2037,silver-pick,银色三明治签,55,40,,true
2038,red-flag-pick,红旗子三明治签,55,120,,true
2039,blue-flag-pick,蓝旗子三明治签,55,120,,true
2040,pika-pika-pick,皮卡丘三明治签,55,480,,true
2041,winking-pika-pick,眨眼皮卡丘三明治签,55,1200,,true
2042,vee-vee-pick,伊布三明治签,55,480,,true
2043,smiling-vee-pick,笑脸伊布三明治签,55,1200,,true
2044,blue-poke-ball-pick,蓝珠珠三明治签,55,200,,true
2045,auspicious-armor,庆祝之铠,55,3000,,true
2046,leaders-crest,头领凭证,55,3000,,true
2047,pink-bottle,粉红水壶,55,2000,,true
2048,blue-bottle,蓝色水壶,55,2000,,true
2049,yellow-bottle,黄色水壶,55,2000,,true
2050,steel-bottle-r,红纹不锈钢水壶,55,1500,,true
2051,steel-bottle-y,黄纹不锈钢水壶,55,1500,,true
2052,steel-bottle-b,蓝纹不锈钢水壶,55,1500,,true
2053,silver-bottle,银钛水壶,55,20000,,true
2054,barred-cup,横条纹水杯,55,800,,true
2055,diamond-pattern-cup,菱纹水杯,55,800,,true
2056,fire-pattern-cup,火焰水杯,55,800,,true
2057,pink-cup,粉红水杯,55,1500,,true
2058,blue-cup,蓝色水杯,55,1500,,true
2059,yellow-cup,黄色水杯,55,1500,,true
2060,pikachu-cup,皮卡丘水杯,55,2000,,true
2061,eevee-cup,伊布水杯,55,2000,,true
2062,slowpoke-cup,呆呆兽水杯,55,2000,,true
2063,silver-cup,银钛水杯,55,20000,,true
2064,exercise-ball,瑜珈球,55,2000,,true
2065,plaid-tablecloth-y,黄色格子桌巾,55,3000,,true
2066,plaid-tablecloth-b,蓝色格子桌巾,55,3000,,true
2067,plaid-tablecloth-r,红色格子桌巾,55,3000,,true
2068,bw-grass-tablecloth,黑白草丛桌巾,55,0,,true
2069,battle-tablecloth,对决桌巾,55,4000,,true
2070,monstrous-tablecloth,怪兽桌巾,55,2000,,true
2071,striped-tablecloth,条纹桌巾,55,1500,,true
2072,diamond-tablecloth,菱纹桌巾,55,1500,,true
2073,polka-dot-tablecloth,圆点桌巾,55,1500,,true
2074,lilac-tablecloth,紫色桌巾,55,1000,,true
2075,mint-tablecloth,浅绿桌巾,55,1000,,true
2076,peach-tablecloth,米色桌巾,55,1000,,true
2077,yellow-tablecloth,黄色桌巾,55,5000,,true
2078,blue-tablecloth,蓝色桌巾,55,5000,,true
2079,pink-tablecloth,粉红桌巾,55,5000,,true
2080,gold-bottle,金钛水壶,55,30000,,true
2081,bronze-bottle,铜钛水壶,55,10000,,true
2082,gold-cup,金钛水杯,55,15000,,true
2083,bronze-cup,铜钛水杯,55,5000,,true
2084,green-poke-ball-pick,绿珠珠三明治签,55,200,,true
2085,red-poke-ball-pick,红珠珠三明治签,55,200,,true
2086,party-sparkler-pick,烟花祝庆三明治签,55,1600,,true
2087,heroic-sword-pick,勇者之剑三明治签,55,2000,,true
2088,magical-star-pick,魔法星星三明治签,55,600,,true
2089,magical-heart-pick,魔法甜心三明治签,55,600,,true
2090,parasol-pick,阳伞三明治签,55,800,,true
2091,blue-sky-flower-pick,晴空花三明治签,55,1000,,true
2092,sunset-flower-pick,夕阳花三明治签,55,1000,,true
2093,sunrise-flower-pick,朝霞花三明治签,55,1000,,true
2094,blue-dish,蓝色盘子,55,0,,true
2095,green-dish,绿色盘子,55,0,,true
2096,orange-dish,橘色盘子,55,0,,true
2097,red-dish,红色盘子,55,0,,true
2098,white-dish,白色盘子,55,0,,true
2099,yellow-dish,黄色盘子,55,0,,true
2100,roto-stick,洛托棒,21,0,,true
2101,teal-style-card,碧绿时尚卡,21,0,,true
2102,teal-mask,碧草面具,20,0,,true
2103,glimmering-charm,闪耀护符,21,0,,true
2104,crystal-cluster,结晶碎块,20,0,,true
2105,fairy-feather,妖精羽毛,12,750,,true
2106,wellspring-mask,水井面具,12,0,,true
2107,hearthflame-mask,火灶面具,12,0,,true
2108,cornerstone-mask,础石面具,12,0,,true
2109,syrupy-apple,蜜汁苹果,10,500,,true
2110,unremarkable-teacup,凡作茶碗,10,400,,true
2111,masterpiece-teacup,杰作茶碗,10,9500,,true
2112,health-mochi,体力糯米团,26,125,,true
2113,muscle-mochi,肌力糯米团,26,125,,true
2114,resist-mochi,抵抗糯米团,26,125,,true
2115,genius-mochi,才智糯米团,26,125,,true
2116,clever-mochi,聪慧糯米团,26,125,,true
2117,swift-mochi,迅捷糯米团,26,125,,true
2118,fresh-start-mochi,重启糯米团,26,75,,true
2119,ekans-fang,阿柏蛇牙,54,15,,true
2120,sandshrew-claw,穿山鼠爪,54,10,,true
2121,cleffa-fur,皮宝宝毛,54,25,,true
2122,vulpix-fur,六尾毛,54,35,,true
2123,poliwag-slime,蚊香蝌蚪黏液,54,35,,true
2124,bellsprout-vine,喇叭芽藤蔓,54,25,,true
2125,geodude-fragment,小拳石碎片,54,30,,true
2126,koffing-gas,瓦斯弹气体,54,25,,true
2127,munchlax-fang,小卡比兽牙,54,40,,true
2128,sentret-fur,尾立毛,54,10,,true
2129,hoothoot-feather,咕咕羽毛,54,15,,true
2130,spinarak-thread,圆丝蛛丝线,54,10,,true
2131,aipom-hair,长尾怪手毛,54,30,,true
2132,yanma-spike,蜻蜻蜓刺,54,35,,true
2133,gligar-fang,天蝎牙,54,40,,true
2134,slugma-lava,熔岩虫熔岩,54,20,,true
2135,swinub-hair,小山猪毛,54,35,,true
2136,poochyena-fang,土狼犬牙,54,15,,true
2137,lotad-leaf,莲叶童子叶子,54,20,,true
2138,seedot-stem,橡实果茎,54,20,,true
2139,nosepass-fragment,朝北鼻碎片,54,40,,true
2140,volbeat-fluid,电萤虫体液,54,10,,true
2141,illumise-fluid,甜甜萤体液,54,10,,true
2142,corphish-shell,龙虾小兵壳,54,10,,true
2143,feebas-scales,丑丑鱼鳞片,54,35,,true
2144,duskull-fragment,夜巡灵碎片,54,40,,true
2145,chingling-fragment,铃铛响碎片,54,20,,true
2146,timburr-sweat,搬运小匠汗,54,30,,true
2147,sewaddle-leaf,虫宝包叶子,54,20,,true
2148,ducklett-feather,鸭宝宝羽毛,54,15,,true
2149,litwick-soot,烛光灵煤灰,54,30,,true
2150,mienfoo-claw,功夫鼬爪,54,40,,true
2151,vullaby-feather,秃鹰丫头羽毛,54,35,,true
2152,carbink-jewel,小碎钻宝石,54,50,,true
2153,phantump-twig,小木灵树枝,54,20,,true
2154,grubbin-thread,强颚鸡母虫丝线,54,25,,true
2155,cutiefly-powder,萌虻粉末,54,25,,true
2156,jangmo-o-scales,心鳞宝鳞片,54,50,,true
2157,cramorant-down,古月鸟绒毛,54,30,,true
2158,morpeko-snack,莫鲁贝可零食,54,15,,true
2159,poltchageist-powder,斯魔茶粉末,54,30,,true
2160,linking-cord,联系绳,10,8000,,true
2161,tm172,技能学习机 172,37,0,,true
2162,tm173,技能学习机 173,37,0,,true
2163,tm174,技能学习机 174,37,0,,true
2164,tm175,技能学习机 175,37,0,,true
2165,tm176,技能学习机 176,37,0,,true
2166,tm177,技能学习机 177,37,0,,true
2167,tm178,技能学习机 178,37,0,,true
2168,tm179,技能学习机 179,37,0,,true
2169,tm180,技能学习机 180,37,0,,true
2170,tm181,技能学习机 181,37,0,,true
2171,tm182,技能学习机 182,37,0,,true
2172,tm183,技能学习机 183,37,0,,true
2173,tm184,技能学习机 184,37,0,,true
2174,tm185,技能学习机 185,37,0,,true
2175,tm186,技能学习机 186,37,0,,true
2176,tm187,技能学习机 187,37,0,,true
2177,tm188,技能学习机 188,37,0,,true
2178,tm189,技能学习机 189,37,0,,true
2179,tm190,技能学习机 190,37,0,,true
2180,tm191,技能学习机 191,37,0,,true
2181,tm192,技能学习机 192,37,0,,true
2182,tm193,技能学习机 193,37,0,,true
2183,tm194,技能学习机 194,37,0,,true
2184,tm195,技能学习机 195,37,0,,true
2185,tm196,技能学习机 196,37,0,,true
2186,tm197,技能学习机 197,37,0,,true
2187,tm198,技能学习机 198,37,0,,true
2188,tm199,技能学习机 199,37,0,,true
2189,tm200,技能学习机 200,37,0,,true
2190,tm201,技能学习机 201,37,0,,true
2191,tm202,技能学习机 202,37,0,,true
2192,tm203,技能学习机 203,37,0,,true
2193,tm204,技能学习机 204,37,0,,true
2194,tm205,技能学习机 205,37,0,,true
2195,tm206,技能学习机 206,37,0,,true
2196,tm207,技能学习机 207,37,0,,true
2197,tm208,技能学习机 208,37,0,,true
2198,tm209,技能学习机 209,37,0,,true
2199,tm210,技能学习机 210,37,0,,true
2200,tm211,技能学习机 211,37,0,,true
2201,tm212,技能学习机 212,37,0,,true
2202,tm213,技能学习机 213,37,0,,true
2203,tm214,技能学习机 214,37,0,,true
2204,tm215,技能学习机 215,37,0,,true
2205,tm216,技能学习机 216,37,0,,true
2206,tm217,技能学习机 217,37,0,,true
2207,tm218,技能学习机 218,37,0,,true
2208,tm219,技能学习机 219,37,0,,true
2209,tm220,技能学习机 220,37,0,,true
2210,tm221,技能学习机 221,37,0,,true
2211,tm222,技能学习机 222,37,0,,true
2212,tm223,技能学习机 223,37,0,,true
2213,tm224,技能学习机 224,37,0,,true
2214,tm225,技能学习机 225,37,0,,true
2215,tm226,技能学习机 226,37,0,,true
2216,tm227,技能学习机 227,37,0,,true
2217,tm228,技能学习机 228,37,0,,true
2218,tm229,技能学习机 229,37,0,,true
2219,lastrange-ball,奇异球,34,0,,true
2220,lapoke-ball,古式红白球,34,0,,true
2221,lagreat-ball,古式超级球,34,0,,true
2222,laultra-ball,古式高级球,34,0,,true
2223,laheavy-ball,古式沉重球,34,0,,true
2224,laleaden-ball,古式铅重球,34,0,,true
2225,lagigaton-ball,古式巨重球,34,0,,true
2226,lafeather-ball,古式飞羽球,34,0,,true
2227,lawing-ball,古式飞翼球,34,0,,true
2228,lajet-ball,古式飞梭球,34,0,,true
2229,laorigin-ball,起源球,34,0,,true
2230,black-augurite,黑奇石,10,0,,true
2231,peat-block,泥炭块,10,0,,true
2232,metal-alloy,金属合金,10,0,,true
