id,code,name,color_id,shape_id,habitat_id,gender_rate,capture_rate,base_happiness,hatch_counter,baby,legendary,mythical,enabled
1,bulbasaur,妙蛙种子,5,8,3,1,45,70,20,false,false,false,true
2,ivysaur,妙蛙草,5,8,3,1,45,70,20,false,false,false,true
3,venusaur,妙蛙花,5,8,3,1,45,70,20,false,false,false,true
4,charmander,小火龙,8,6,4,1,45,70,20,false,false,false,true
5,charmeleon,火恐龙,8,6,4,1,45,70,20,false,false,false,true
6,charizard,喷火龙,8,6,4,1,45,70,20,false,false,false,true
7,squirtle,杰尼龟,2,6,9,1,45,70,20,false,false,false,true
8,wartortle,卡咪龟,2,6,9,1,45,70,20,false,false,false,true
9,blastoise,水箭龟,2,6,9,1,45,70,20,false,false,false,true
10,caterpie,绿毛虫,5,14,2,4,255,70,15,false,false,false,true
11,metapod,铁甲蛹,5,2,2,4,120,70,15,false,false,false,true
12,butterfree,巴大蝶,9,13,2,4,45,70,15,false,false,false,true
13,weedle,独角虫,3,14,2,4,255,70,15,false,false,false,true
14,kakuna,铁壳蛹,10,2,2,4,120,70,15,false,false,false,true
15,beedrill,大针蜂,10,13,2,4,45,70,15,false,false,false,true
16,pidgey,波波,3,9,2,4,255,70,15,false,false,false,true
17,pidgeotto,比比鸟,3,9,2,4,120,70,15,false,false,false,true
18,pidgeot,大比鸟,3,9,2,4,45,70,15,false,false,false,true
19,rattata,小拉达,7,8,3,4,255,70,15,false,false,false,true
20,raticate,拉达,3,8,3,4,127,70,15,false,false,false,true
21,spearow,烈雀,3,9,6,4,255,70,15,false,false,false,true
22,fearow,大嘴雀,3,9,6,4,90,70,15,false,false,false,true
23,ekans,阿柏蛇,7,2,3,4,255,70,20,false,false,false,true
24,arbok,阿柏怪,7,2,3,4,90,70,20,false,false,false,true
25,pikachu,皮卡丘,10,8,2,4,190,70,10,false,false,false,true
26,raichu,雷丘,10,6,2,4,75,70,10,false,false,false,true
27,sandshrew,穿山鼠,10,6,6,4,255,70,20,false,false,false,true
28,sandslash,穿山王,10,6,6,4,90,70,20,false,false,false,true
29,nidoran-f,尼多兰,2,8,3,8,235,70,20,false,false,false,true
30,nidorina,尼多娜,2,8,3,8,120,70,20,false,false,false,true
31,nidoqueen,尼多后,2,6,3,8,45,70,20,false,false,false,true
32,nidoran-m,尼多朗,7,8,3,0,235,70,20,false,false,false,true
33,nidorino,尼多力诺,7,8,3,0,120,70,20,false,false,false,true
34,nidoking,尼多王,7,6,3,0,45,70,20,false,false,false,true
35,clefairy,皮皮,6,6,4,6,150,140,10,false,false,false,true
36,clefable,皮可西,6,6,4,6,25,140,10,false,false,false,true
37,vulpix,六尾,3,8,3,6,190,70,20,false,false,false,true
38,ninetales,九尾,10,8,3,6,75,70,20,false,false,false,true
39,jigglypuff,胖丁,6,12,3,6,170,70,10,false,false,false,true
40,wigglytuff,胖可丁,6,12,3,6,50,70,10,false,false,false,true
41,zubat,超音蝠,7,9,1,4,255,70,15,false,false,false,true
42,golbat,大嘴蝠,7,9,1,4,90,70,15,false,false,false,true
43,oddish,走路草,2,7,3,4,255,70,20,false,false,false,true
44,gloom,臭臭花,2,12,3,4,120,70,20,false,false,false,true
45,vileplume,霸王花,8,12,3,4,45,70,20,false,false,false,true
46,paras,派拉斯,8,14,2,4,190,70,20,false,false,false,true
47,parasect,派拉斯特,8,14,2,4,75,70,20,false,false,false,true
48,venonat,毛球,7,12,2,4,190,70,20,false,false,false,true
49,venomoth,摩鲁蛾,7,13,2,4,75,70,20,false,false,false,true
50,diglett,地鼠,3,5,1,4,255,70,20,false,false,false,true
51,dugtrio,三地鼠,3,11,1,4,50,70,20,false,false,false,true
52,meowth,喵喵,10,8,8,4,255,70,20,false,false,false,true
53,persian,猫老大,10,8,8,4,90,70,20,false,false,false,true
54,psyduck,可达鸭,10,6,9,4,190,70,20,false,false,false,true
55,golduck,哥达鸭,2,6,9,4,75,70,20,false,false,false,true
56,mankey,猴怪,3,6,4,4,190,70,20,false,false,false,true
57,primeape,火暴猴,3,6,4,4,75,70,20,false,false,false,true
58,growlithe,卡蒂狗,3,8,3,2,190,70,20,false,false,false,true
59,arcanine,风速狗,3,8,3,2,75,70,20,false,false,false,true
60,poliwag,蚊香蝌蚪,2,7,9,4,255,70,20,false,false,false,true
61,poliwhirl,蚊香君,2,12,9,4,120,70,20,false,false,false,true
62,poliwrath,蚊香泳士,2,12,9,4,45,70,20,false,false,false,true
63,abra,凯西,3,6,8,2,200,70,20,false,false,false,true
64,kadabra,勇基拉,3,6,8,2,100,70,20,false,false,false,true
65,alakazam,胡地,3,12,8,2,50,70,20,false,false,false,true
66,machop,腕力,4,6,4,2,180,70,20,false,false,false,true
67,machoke,豪力,4,12,4,2,90,70,20,false,false,false,true
68,machamp,怪力,4,12,4,2,45,70,20,false,false,false,true
69,bellsprout,喇叭芽,5,12,2,4,255,70,20,false,false,false,true
70,weepinbell,口呆花,5,5,2,4,120,70,20,false,false,false,true
71,victreebel,大食花,5,5,2,4,45,70,20,false,false,false,true
72,tentacool,玛瑙水母,2,10,7,4,190,70,20,false,false,false,true
73,tentacruel,毒刺水母,2,10,7,4,60,70,20,false,false,false,true
74,geodude,小拳石,3,4,4,4,255,70,15,false,false,false,true
75,graveler,隆隆石,3,12,4,4,120,70,15,false,false,false,true
76,golem,隆隆岩,3,12,4,4,45,70,15,false,false,false,true
77,ponyta,小火马,10,8,3,4,190,70,20,false,false,false,true
78,rapidash,烈焰马,10,8,3,4,60,70,20,false,false,false,true
79,slowpoke,呆呆兽,6,8,9,4,190,70,20,false,false,false,true
80,slowbro,呆壳兽,6,6,9,4,75,70,20,false,false,false,true
81,magnemite,小磁怪,4,4,6,-1,190,70,20,false,false,false,true
82,magneton,三合一磁怪,4,11,6,-1,60,70,20,false,false,false,true
83,farfetchd,大葱鸭,3,9,3,4,45,70,20,false,false,false,true
84,doduo,嘟嘟,3,7,3,4,190,70,20,false,false,false,true
85,dodrio,嘟嘟利,3,7,3,4,45,70,20,false,false,false,true
86,seel,小海狮,9,3,7,4,190,70,20,false,false,false,true
87,dewgong,白海狮,9,3,7,4,75,70,20,false,false,false,true
88,grimer,臭泥,7,4,8,4,190,70,20,false,false,false,true
89,muk,臭臭泥,7,4,8,4,75,70,20,false,false,false,true
90,shellder,大舌贝,7,1,7,4,190,70,20,false,false,false,true
91,cloyster,刺甲贝,7,1,7,4,60,70,20,false,false,false,true
92,gastly,鬼斯,7,1,1,4,190,70,20,false,false,false,true
93,haunter,鬼斯通,7,4,1,4,90,70,20,false,false,false,true
94,gengar,耿鬼,7,6,1,4,45,70,20,false,false,false,true
95,onix,大岩蛇,4,2,1,4,45,70,25,false,false,false,true
96,drowzee,催眠貘,10,12,3,4,190,70,20,false,false,false,true
97,hypno,引梦貘人,10,12,3,4,75,70,20,false,false,false,true
98,krabby,大钳蟹,8,14,9,4,225,70,20,false,false,false,true
99,kingler,巨钳蟹,8,14,9,4,60,70,20,false,false,false,true
100,voltorb,霹雳电球,8,1,8,-1,190,70,20,false,false,false,true
101,electrode,顽皮雷弹,8,1,8,-1,60,70,20,false,false,false,true
102,exeggcute,蛋蛋,6,11,2,4,90,70,20,false,false,false,true
103,exeggutor,椰蛋树,10,7,2,4,45,70,20,false,false,false,true
104,cubone,卡拉卡拉,3,6,4,4,190,70,20,false,false,false,true
105,marowak,嘎啦嘎啦,3,6,4,4,75,70,20,false,false,false,true
106,hitmonlee,飞腿郎,3,12,8,0,45,70,25,false,false,false,true
107,hitmonchan,快拳郎,3,12,8,0,45,70,25,false,false,false,true
108,lickitung,大舌头,6,6,3,4,45,70,20,false,false,false,true
109,koffing,瓦斯弹,7,1,8,4,190,70,20,false,false,false,true
110,weezing,双弹瓦斯,7,11,8,4,60,70,20,false,false,false,true
111,rhyhorn,独角犀牛,4,8,6,4,120,70,20,false,false,false,true
112,rhydon,钻角犀兽,4,6,6,4,60,70,20,false,false,false,true
113,chansey,吉利蛋,6,6,8,8,30,140,40,false,false,false,true
114,tangela,蔓藤怪,2,7,3,4,45,70,20,false,false,false,true
115,kangaskhan,袋兽,3,6,3,8,45,70,20,false,false,false,true
116,horsea,墨海马,2,5,7,4,225,70,20,false,false,false,true
117,seadra,海刺龙,2,5,7,4,75,70,20,false,false,false,true
118,goldeen,角金鱼,8,3,9,4,225,70,20,false,false,false,true
119,seaking,金鱼王,8,3,9,4,60,70,20,false,false,false,true
120,staryu,海星星,3,5,7,-1,225,70,20,false,false,false,true
121,starmie,宝石海星,7,5,7,-1,60,70,20,false,false,false,true
122,mr-mime,魔墙人偶,6,12,8,4,45,70,25,false,false,false,true
123,scyther,飞天螳螂,5,13,3,4,45,70,25,false,false,false,true
124,jynx,迷唇姐,8,12,8,8,45,70,25,false,false,false,true
125,electabuzz,电击兽,10,6,3,2,45,70,25,false,false,false,true
126,magmar,鸭嘴火兽,8,6,4,2,45,70,25,false,false,false,true
127,pinsir,凯罗斯,3,12,2,4,45,70,25,false,false,false,true
128,tauros,肯泰罗,3,8,3,0,45,70,20,false,false,false,true
129,magikarp,鲤鱼王,8,3,9,4,255,70,5,false,false,false,true
130,gyarados,暴鲤龙,2,2,9,4,45,70,5,false,false,false,true
131,lapras,拉普拉斯,2,3,7,4,45,70,40,false,false,false,true
132,ditto,百变怪,7,1,8,-1,35,70,20,false,false,false,true
133,eevee,伊布,3,8,8,1,45,70,35,false,false,false,true
134,vaporeon,水伊布,2,8,8,1,45,70,35,false,false,false,true
135,jolteon,雷伊布,10,8,8,1,45,70,35,false,false,false,true
136,flareon,火伊布,8,8,8,1,45,70,35,false,false,false,true
137,porygon,多边兽,6,7,8,-1,45,70,20,false,false,false,true
138,omanyte,菊石兽,2,10,7,1,45,70,30,false,false,false,true
139,omastar,多刺菊石兽,2,10,7,1,45,70,30,false,false,false,true
140,kabuto,化石盔,3,14,7,1,45,70,30,false,false,false,true
141,kabutops,镰刀盔,3,6,7,1,45,70,30,false,false,false,true
142,aerodactyl,化石翼龙,7,9,4,1,45,70,35,false,false,false,true
143,snorlax,卡比兽,1,12,4,1,25,70,40,false,false,false,true
144,articuno,急冻鸟,2,9,5,-1,3,35,80,false,true,false,true
145,zapdos,闪电鸟,10,9,5,-1,3,35,80,false,true,false,true
146,moltres,火焰鸟,10,9,5,-1,3,35,80,false,true,false,true
147,dratini,迷你龙,2,2,9,4,45,35,40,false,false,false,true
148,dragonair,哈克龙,2,2,9,4,45,35,40,false,false,false,true
149,dragonite,快龙,3,6,9,4,45,35,40,false,false,false,true
150,mewtwo,超梦,7,6,5,-1,3,0,120,false,true,false,true
151,mew,梦幻,6,6,5,-1,45,100,120,false,false,true,true
152,chikorita,菊草叶,5,8,3,1,45,70,20,false,false,false,true
153,bayleef,月桂叶,5,8,3,1,45,70,20,false,false,false,true
154,meganium,大竺葵,5,8,3,1,45,70,20,false,false,false,true
155,cyndaquil,火球鼠,10,12,3,1,45,70,20,false,false,false,true
156,quilava,火岩鼠,10,8,3,1,45,70,20,false,false,false,true
157,typhlosion,火暴兽,10,8,3,1,45,70,20,false,false,false,true
158,totodile,小锯鳄,2,6,9,1,45,70,20,false,false,false,true
159,croconaw,蓝鳄,2,6,9,1,45,70,20,false,false,false,true
160,feraligatr,大力鳄,2,6,9,1,45,70,20,false,false,false,true
161,sentret,尾立,3,8,3,4,255,70,15,false,false,false,true
162,furret,大尾立,3,8,3,4,90,70,15,false,false,false,true
163,hoothoot,咕咕,3,9,2,4,255,70,15,false,false,false,true
164,noctowl,猫头夜鹰,3,9,2,4,90,70,15,false,false,false,true
165,ledyba,芭瓢虫,8,9,2,4,255,70,15,false,false,false,true
166,ledian,安瓢虫,8,9,2,4,90,70,15,false,false,false,true
167,spinarak,圆丝蛛,5,14,2,4,255,70,15,false,false,false,true
168,ariados,阿利多斯,8,14,2,4,90,70,15,false,false,false,true
169,crobat,叉字蝠,7,13,1,4,90,70,15,false,false,false,true
170,chinchou,灯笼鱼,2,3,7,4,190,70,20,false,false,false,true
171,lanturn,电灯怪,2,3,7,4,75,70,20,false,false,false,true
172,pichu,皮丘,10,8,2,4,190,70,10,true,false,false,true
173,cleffa,皮宝宝,6,6,4,6,150,140,10,true,false,false,true
174,igglybuff,宝宝丁,6,12,3,6,170,70,10,true,false,false,true
175,togepi,波克比,9,12,2,1,190,70,10,true,false,false,true
176,togetic,波克基古,9,12,2,1,75,70,10,false,false,false,true
177,natu,天然雀,5,9,2,4,190,70,20,false,false,false,true
178,xatu,天然鸟,5,9,2,4,75,70,20,false,false,false,true
179,mareep,咩利羊,9,8,3,4,235,70,20,false,false,false,true
180,flaaffy,茸茸羊,6,6,3,4,120,70,20,false,false,false,true
181,ampharos,电龙,10,6,3,4,45,70,20,false,false,false,true
182,bellossom,美丽花,5,12,3,4,45,70,20,false,false,false,true
183,marill,玛力露,2,6,9,4,190,70,10,false,false,false,true
184,azumarill,玛力露丽,2,6,9,4,75,70,10,false,false,false,true
185,sudowoodo,树才怪,3,12,2,4,65,70,20,false,false,false,true
186,politoed,蚊香蛙皇,5,12,9,4,45,70,20,false,false,false,true
187,hoppip,毽子草,6,6,3,4,255,70,20,false,false,false,true
188,skiploom,毽子花,5,6,3,4,120,70,20,false,false,false,true
189,jumpluff,毽子棉,2,6,3,4,45,70,20,false,false,false,true
190,aipom,长尾怪手,7,6,2,4,45,70,20,false,false,false,true
191,sunkern,向日种子,10,1,3,4,235,70,20,false,false,false,true
192,sunflora,向日花怪,10,12,3,4,120,70,20,false,false,false,true
193,yanma,蜻蜻蜓,8,13,2,4,75,70,20,false,false,false,true
194,wooper,乌波,2,7,9,4,255,70,20,false,false,false,true
195,quagsire,沼王,2,6,9,4,90,70,20,false,false,false,true
196,espeon,太阳伊布,7,8,8,1,45,70,35,false,false,false,true
197,umbreon,月亮伊布,1,8,8,1,45,35,35,false,false,false,true
198,murkrow,黑暗鸦,1,9,2,4,30,35,20,false,false,false,true
199,slowking,呆呆王,6,6,9,4,70,70,20,false,false,false,true
200,misdreavus,梦妖,4,1,1,4,45,35,25,false,false,false,true
201,unown,未知图腾,1,1,5,-1,225,70,40,false,false,false,true
202,wobbuffet,果然翁,2,5,1,4,45,70,20,false,false,false,true
203,girafarig,麒麟奇,10,8,3,4,60,70,20,false,false,false,true
204,pineco,榛果球,4,1,2,4,190,70,20,false,false,false,true
205,forretress,佛烈托斯,7,1,2,4,75,70,20,false,false,false,true
206,dunsparce,土龙弟弟,10,2,1,4,190,70,20,false,false,false,true
207,gligar,天蝎,7,9,4,4,60,70,20,false,false,false,true
208,steelix,大钢蛇,4,2,1,4,25,70,25,false,false,false,true
209,snubbull,布鲁,6,12,8,6,190,70,20,false,false,false,true
210,granbull,布鲁皇,7,6,8,6,75,70,20,false,false,false,true
211,qwilfish,千针鱼,4,3,7,4,45,70,20,false,false,false,true
212,scizor,巨钳螳螂,8,13,3,4,25,70,25,false,false,false,true
213,shuckle,壶壶,10,14,4,4,190,70,20,false,false,false,true
214,heracross,赫拉克罗斯,2,12,2,4,45,70,25,false,false,false,true
215,sneasel,狃拉,1,6,2,4,60,35,20,false,false,false,true
216,teddiursa,熊宝宝,3,6,4,4,120,70,20,false,false,false,true
217,ursaring,圈圈熊,3,6,4,4,60,70,20,false,false,false,true
218,slugma,熔岩虫,8,2,4,4,190,70,20,false,false,false,true
219,magcargo,熔岩蜗牛,8,2,4,4,75,70,20,false,false,false,true
220,swinub,小山猪,3,8,1,4,225,70,20,false,false,false,true
221,piloswine,长毛猪,3,8,1,4,75,70,20,false,false,false,true
222,corsola,太阳珊瑚,6,14,7,6,60,70,20,false,false,false,true
223,remoraid,铁炮鱼,4,3,7,4,190,70,20,false,false,false,true
224,octillery,章鱼桶,8,10,7,4,75,70,20,false,false,false,true
225,delibird,信使鸟,8,9,4,4,45,70,20,false,false,false,true
226,mantine,巨翅飞鱼,7,9,7,4,25,70,25,false,false,false,true
227,skarmory,盔甲鸟,4,9,6,4,25,70,25,false,false,false,true
228,houndour,戴鲁比,1,8,6,4,120,35,20,false,false,false,true
229,houndoom,黑鲁加,1,8,6,4,45,35,20,false,false,false,true
230,kingdra,刺龙王,2,5,7,4,45,70,20,false,false,false,true
231,phanpy,小小象,2,8,6,4,120,70,20,false,false,false,true
232,donphan,顿甲,4,8,6,4,60,70,20,false,false,false,true
233,porygon2,多边兽２型,8,7,8,-1,45,70,20,false,false,false,true
234,stantler,惊角鹿,3,8,2,4,45,70,20,false,false,false,true
235,smeargle,图图犬,9,6,8,4,45,70,20,false,false,false,true
236,tyrogue,无畏小子,7,12,8,0,75,70,25,true,false,false,true
237,hitmontop,战舞郎,3,6,8,0,45,70,25,false,false,false,true
238,smoochum,迷唇娃,6,12,8,8,45,70,25,true,false,false,true
239,elekid,电击怪,10,12,3,2,45,70,25,true,false,false,true
240,magby,鸭嘴宝宝,8,6,4,2,45,70,25,true,false,false,true
241,miltank,大奶罐,6,6,3,8,45,70,20,false,false,false,true
242,blissey,幸福蛋,6,12,8,8,30,140,40,false,false,false,true
243,raikou,雷公,10,8,3,-1,3,35,80,false,true,false,true
244,entei,炎帝,3,8,3,-1,3,35,80,false,true,false,true
245,suicune,水君,2,8,3,-1,3,35,80,false,true,false,true
246,larvitar,幼基拉斯,5,6,4,4,45,35,40,false,false,false,true
247,pupitar,沙基拉斯,4,2,4,4,45,35,40,false,false,false,true
248,tyranitar,班基拉斯,5,6,4,4,45,35,40,false,false,false,true
249,lugia,洛奇亚,9,9,5,-1,3,0,120,false,true,false,true
250,ho-oh,凤王,8,9,5,-1,3,0,120,false,true,false,true
251,celebi,时拉比,5,12,2,-1,45,100,120,false,false,true,true
252,treecko,木守宫,5,6,2,1,45,70,20,false,false,false,true
253,grovyle,森林蜥蜴,5,6,2,1,45,70,20,false,false,false,true
254,sceptile,蜥蜴王,5,6,2,1,45,70,20,false,false,false,true
255,torchic,火稚鸡,8,7,3,1,45,70,20,false,false,false,true
256,combusken,力壮鸡,8,6,3,1,45,70,20,false,false,false,true
257,blaziken,火焰鸡,8,6,3,1,45,70,20,false,false,false,true
258,mudkip,水跃鱼,2,8,9,1,45,70,20,false,false,false,true
259,marshtomp,沼跃鱼,2,6,9,1,45,70,20,false,false,false,true
260,swampert,巨沼怪,2,6,9,1,45,70,20,false,false,false,true
261,poochyena,土狼犬,4,8,3,4,255,70,15,false,false,false,true
262,mightyena,大狼犬,4,8,3,4,127,70,15,false,false,false,true
263,zigzagoon,蛇纹熊,3,8,3,4,255,70,15,false,false,false,true
264,linoone,直冲熊,9,8,3,4,90,70,15,false,false,false,true
265,wurmple,刺尾虫,8,14,2,4,255,70,15,false,false,false,true
266,silcoon,甲壳茧,9,1,2,4,120,70,15,false,false,false,true
267,beautifly,狩猎凤蝶,10,13,2,4,45,70,15,false,false,false,true
268,cascoon,盾甲茧,7,1,2,4,120,70,15,false,false,false,true
269,dustox,毒粉蛾,5,13,2,4,45,70,15,false,false,false,true
270,lotad,莲叶童子,5,14,9,4,255,70,15,false,false,false,true
271,lombre,莲帽小童,5,12,9,4,120,70,15,false,false,false,true
272,ludicolo,乐天河童,5,12,9,4,45,70,15,false,false,false,true
273,seedot,橡实果,3,7,2,4,255,70,15,false,false,false,true
274,nuzleaf,长鼻叶,3,12,2,4,120,70,15,false,false,false,true
275,shiftry,狡猾天狗,3,12,2,4,45,70,15,false,false,false,true
276,taillow,傲骨燕,2,9,3,4,200,70,15,false,false,false,true
277,swellow,大王燕,2,9,3,4,45,70,15,false,false,false,true
278,wingull,长翅鸥,9,9,7,4,190,70,20,false,false,false,true
279,pelipper,大嘴鸥,10,9,7,4,45,70,20,false,false,false,true
280,ralts,拉鲁拉丝,9,12,8,4,235,35,20,false,false,false,true
281,kirlia,奇鲁莉安,9,12,8,4,120,35,20,false,false,false,true
282,gardevoir,沙奈朵,9,12,8,4,45,35,20,false,false,false,true
283,surskit,溜溜糖球,2,14,9,4,200,70,15,false,false,false,true
284,masquerain,雨翅蛾,2,13,9,4,75,70,15,false,false,false,true
285,shroomish,蘑蘑菇,3,7,2,4,255,70,15,false,false,false,true
286,breloom,斗笠菇,5,6,2,4,90,70,15,false,false,false,true
287,slakoth,懒人獭,3,8,2,4,255,70,15,false,false,false,true
288,vigoroth,过动猿,9,6,2,4,120,70,15,false,false,false,true
289,slaking,请假王,3,12,2,4,45,70,15,false,false,false,true
290,nincada,土居忍士,4,14,2,4,255,70,15,false,false,false,true
291,ninjask,铁面忍者,10,13,2,4,120,70,15,false,false,false,true
292,shedinja,脱壳忍者,3,5,2,-1,45,70,15,false,false,false,true
293,whismur,咕妞妞,6,6,1,4,190,70,20,false,false,false,true
294,loudred,吼爆弹,2,6,1,4,120,70,20,false,false,false,true
295,exploud,爆音怪,2,6,1,4,45,70,20,false,false,false,true
296,makuhita,幕下力士,10,12,4,2,180,70,20,false,false,false,true
297,hariyama,铁掌力士,3,12,4,2,200,70,20,false,false,false,true
298,azurill,露力丽,2,7,9,6,150,70,10,true,false,false,true
299,nosepass,朝北鼻,4,12,1,4,255,70,20,false,false,false,true
300,skitty,向尾喵,6,8,2,6,255,70,15,false,false,false,true
301,delcatty,优雅猫,7,8,2,6,60,70,15,false,false,false,true
302,sableye,勾魂眼,7,12,1,4,45,35,25,false,false,false,true
303,mawile,大嘴娃,1,12,1,4,45,70,20,false,false,false,true
304,aron,可可多拉,4,8,4,4,180,35,35,false,false,false,true
305,lairon,可多拉,4,8,4,4,90,35,35,false,false,false,true
306,aggron,波士可多拉,4,6,4,4,45,35,35,false,false,false,true
307,meditite,玛沙那,2,12,4,4,180,70,20,false,false,false,true
308,medicham,恰雷姆,8,12,4,4,90,70,20,false,false,false,true
309,electrike,落雷兽,5,8,3,4,120,70,20,false,false,false,true
310,manectric,雷电兽,10,8,3,4,45,70,20,false,false,false,true
311,plusle,正电拍拍,10,6,3,4,200,70,20,false,false,false,true
312,minun,負电拍拍,10,6,3,4,200,70,20,false,false,false,true
313,volbeat,电萤虫,4,6,2,0,150,70,15,false,false,false,true
314,illumise,甜甜萤,7,12,2,8,150,70,15,false,false,false,true
315,roselia,毒蔷薇,5,12,3,4,150,70,20,false,false,false,true
316,gulpin,溶食兽,5,4,3,4,225,70,20,false,false,false,true
317,swalot,吞食兽,7,4,3,4,75,70,20,false,false,false,true
318,carvanha,利牙鱼,8,3,7,4,225,35,20,false,false,false,true
319,sharpedo,巨牙鲨,2,3,7,4,60,35,20,false,false,false,true
320,wailmer,吼吼鲸,2,3,7,4,125,70,40,false,false,false,true
321,wailord,吼鲸王,2,3,7,4,60,70,40,false,false,false,true
322,numel,呆火驼,10,8,4,4,255,70,20,false,false,false,true
323,camerupt,喷火驼,8,8,4,4,150,70,20,false,false,false,true
324,torkoal,煤炭龟,3,8,4,4,90,70,20,false,false,false,true
325,spoink,跳跳猪,1,4,4,4,255,70,20,false,false,false,true
326,grumpig,噗噗猪,7,6,4,4,60,70,20,false,false,false,true
327,spinda,晃晃斑,3,6,4,4,255,70,15,false,false,false,true
328,trapinch,大颚蚁,3,14,6,4,255,70,20,false,false,false,true
329,vibrava,超音波幼虫,5,13,6,4,120,70,20,false,false,false,true
330,flygon,沙漠蜻蜓,5,9,6,4,45,70,20,false,false,false,true
331,cacnea,刺球仙人掌,5,12,6,4,190,35,20,false,false,false,true
332,cacturne,梦歌仙人掌,5,12,6,4,60,35,20,false,false,false,true
333,swablu,青绵鸟,2,9,2,4,255,70,20,false,false,false,true
334,altaria,七夕青鸟,2,9,2,4,45,70,20,false,false,false,true
335,zangoose,猫鼬斩,9,6,3,4,90,70,20,false,false,false,true
336,seviper,饭匙蛇,1,2,3,4,90,70,20,false,false,false,true
337,lunatone,月石,10,1,1,-1,45,70,25,false,false,false,true
338,solrock,太阳岩,8,1,1,-1,45,70,25,false,false,false,true
339,barboach,泥泥鳅,4,3,9,4,190,70,20,false,false,false,true
340,whiscash,鲶鱼王,2,3,9,4,75,70,20,false,false,false,true
341,corphish,龙虾小兵,8,14,9,4,205,70,15,false,false,false,true
342,crawdaunt,铁螯龙虾,8,14,9,4,155,70,15,false,false,false,true
343,baltoy,天秤偶,3,4,6,-1,255,70,20,false,false,false,true
344,claydol,念力土偶,1,4,6,-1,90,70,20,false,false,false,true
345,lileep,触手百合,7,5,7,1,45,70,30,false,false,false,true
346,cradily,摇篮百合,5,5,7,1,45,70,30,false,false,false,true
347,anorith,太古羽虫,4,14,9,1,45,70,30,false,false,false,true
348,armaldo,太古盔甲,4,6,9,1,45,70,30,false,false,false,true
349,feebas,丑丑鱼,3,3,9,4,255,70,20,false,false,false,true
350,milotic,美纳斯,6,2,9,4,60,70,20,false,false,false,true
351,castform,飘浮泡泡,4,1,3,4,45,70,25,false,false,false,true
352,kecleon,变隐龙,5,6,2,4,200,70,20,false,false,false,true
353,shuppet,怨影娃娃,1,1,8,4,225,35,25,false,false,false,true
354,banette,诅咒娃娃,1,6,8,4,45,35,25,false,false,false,true
355,duskull,夜巡灵,1,4,2,4,190,35,25,false,false,false,true
356,dusclops,彷徨夜灵,1,12,2,4,90,35,25,false,false,false,true
357,tropius,热带龙,5,8,2,4,200,70,25,false,false,false,true
358,chimecho,风铃铃,2,4,3,4,45,70,25,false,false,false,true
359,absol,阿勃梭鲁,9,8,4,4,30,35,25,false,false,false,true
360,wynaut,小果然,2,6,1,4,125,70,20,true,false,false,true
361,snorunt,雪童子,4,12,1,4,190,70,20,false,false,false,true
362,glalie,冰鬼护,4,1,1,4,75,70,20,false,false,false,true
363,spheal,海豹球,2,3,7,4,255,70,20,false,false,false,true
364,sealeo,海魔狮,2,3,7,4,120,70,20,false,false,false,true
365,walrein,帝牙海狮,2,8,7,4,45,70,20,false,false,false,true
366,clamperl,珍珠贝,2,1,7,4,255,70,20,false,false,false,true
367,huntail,猎斑鱼,2,2,7,4,60,70,20,false,false,false,true
368,gorebyss,樱花鱼,6,2,7,4,60,70,20,false,false,false,true
369,relicanth,古空棘鱼,4,3,7,1,25,70,40,false,false,false,true
370,luvdisc,爱心鱼,6,3,7,6,225,70,20,false,false,false,true
371,bagon,宝贝龙,2,12,6,4,45,35,40,false,false,false,true
372,shelgon,甲壳龙,9,8,6,4,45,35,40,false,false,false,true
373,salamence,暴飞龙,2,8,6,4,45,35,40,false,false,false,true
374,beldum,铁哑铃,2,5,6,-1,3,35,40,false,false,false,true
375,metang,金属怪,2,4,6,-1,3,35,40,false,false,false,true
376,metagross,巨金怪,2,11,6,-1,3,35,40,false,false,false,true
377,regirock,雷吉洛克,3,12,1,-1,3,35,80,false,true,false,true
378,regice,雷吉艾斯,2,12,1,-1,3,35,80,false,true,false,true
379,registeel,雷吉斯奇鲁,4,12,1,-1,3,35,80,false,true,false,true
380,latias,拉帝亚斯,8,9,9,8,3,90,120,false,true,false,true
381,latios,拉帝欧斯,2,9,9,0,3,90,120,false,true,false,true
382,kyogre,盖欧卡,2,3,7,-1,3,0,120,false,true,false,true
383,groudon,固拉多,8,6,6,-1,3,0,120,false,true,false,true
384,rayquaza,烈空坐,5,2,5,-1,45,0,120,false,true,false,true
385,jirachi,基拉祈,10,12,4,-1,3,100,120,false,false,true,true
386,deoxys,代欧奇希斯,8,12,5,-1,3,0,120,false,false,true,true
387,turtwig,草苗龟,5,8,,1,45,70,20,false,false,false,true
388,grotle,树林龟,5,8,,1,45,70,20,false,false,false,true
389,torterra,土台龟,5,8,,1,45,70,20,false,false,false,true
390,chimchar,小火焰猴,3,6,,1,45,70,20,false,false,false,true
391,monferno,猛火猴,3,6,,1,45,70,20,false,false,false,true
392,infernape,烈焰猴,3,6,,1,45,70,20,false,false,false,true
393,piplup,波加曼,2,12,,1,45,70,20,false,false,false,true
394,prinplup,波皇子,2,6,,1,45,70,20,false,false,false,true
395,empoleon,帝王拿波,2,6,,1,45,70,20,false,false,false,true
396,starly,姆克儿,3,9,,4,255,70,15,false,false,false,true
397,staravia,姆克鸟,3,9,,4,120,70,15,false,false,false,true
398,staraptor,姆克鹰,3,9,,4,45,70,15,false,false,false,true
399,bidoof,大牙狸,3,8,,4,255,70,15,false,false,false,true
400,bibarel,大尾狸,3,6,,4,127,70,15,false,false,false,true
401,kricketot,圆法师,8,12,,4,255,70,15,false,false,false,true
402,kricketune,音箱蟀,8,13,,4,45,70,15,false,false,false,true
403,shinx,小猫怪,2,8,,4,235,70,20,false,false,false,true
404,luxio,勒克猫,2,8,,4,120,100,20,false,false,false,true
405,luxray,伦琴猫,2,8,,4,45,70,20,false,false,false,true
406,budew,含羞苞,5,12,,4,255,70,20,true,false,false,true
407,roserade,罗丝雷朵,5,12,,4,75,70,20,false,false,false,true
408,cranidos,头盖龙,2,6,,1,45,70,30,false,false,false,true
409,rampardos,战槌龙,2,6,,1,45,70,30,false,false,false,true
410,shieldon,盾甲龙,4,8,,1,45,70,30,false,false,false,true
411,bastiodon,护城龙,4,8,,1,45,70,30,false,false,false,true
412,burmy,结草儿,5,5,,4,120,70,15,false,false,false,true
413,wormadam,结草贵妇,5,5,,8,45,70,15,false,false,false,true
414,mothim,绅士蛾,10,13,,0,45,70,15,false,false,false,true
415,combee,三蜜蜂,10,11,,1,120,70,15,false,false,false,true
416,vespiquen,蜂女王,10,13,,8,45,70,15,false,false,false,true
417,pachirisu,帕奇利兹,9,8,,4,200,100,10,false,false,false,true
418,buizel,泳圈鼬,3,8,,4,190,70,20,false,false,false,true
419,floatzel,浮潜鼬,3,8,,4,75,70,20,false,false,false,true
420,cherubi,樱花宝,6,11,,4,190,70,20,false,false,false,true
421,cherrim,樱花儿,7,7,,4,75,70,20,false,false,false,true
422,shellos,无壳海兔,7,2,,4,190,70,20,false,false,false,true
423,gastrodon,海兔兽,7,2,,4,75,70,20,false,false,false,true
424,ambipom,双尾怪手,7,6,,4,45,100,20,false,false,false,true
425,drifloon,飘飘球,7,4,,4,125,70,30,false,false,false,true
426,drifblim,随风球,7,4,,4,60,70,30,false,false,false,true
427,buneary,卷卷耳,3,6,,4,190,0,20,false,false,false,true
428,lopunny,长耳兔,3,6,,4,60,140,20,false,false,false,true
429,mismagius,梦妖魔,7,1,,4,45,35,25,false,false,false,true
430,honchkrow,乌鸦头头,1,9,,4,30,35,20,false,false,false,true
431,glameow,魅力喵,4,8,,6,190,70,20,false,false,false,true
432,purugly,东施喵,4,8,,6,75,70,20,false,false,false,true
433,chingling,铃铛响,10,12,,4,120,70,25,true,false,false,true
434,stunky,臭鼬噗,7,8,,4,225,70,20,false,false,false,true
435,skuntank,坦克臭鼬,7,8,,4,60,70,20,false,false,false,true
436,bronzor,铜镜怪,5,1,,-1,255,70,20,false,false,false,true
437,bronzong,青铜钟,5,4,,-1,90,70,20,false,false,false,true
438,bonsly,盆才怪,3,7,,4,255,70,20,true,false,false,true
439,mime-jr,魔尼尼,6,12,,4,145,70,25,true,false,false,true
440,happiny,小福蛋,6,12,,8,130,140,40,true,false,false,true
441,chatot,聒噪鸟,1,9,,4,30,35,20,false,false,false,true
442,spiritomb,花岩怪,7,5,,4,100,70,30,false,false,false,true
443,gible,圆陆鲨,2,6,,4,45,70,40,false,false,false,true
444,gabite,尖牙陆鲨,2,6,,4,45,70,40,false,false,false,true
445,garchomp,烈咬陆鲨,2,6,,4,45,70,40,false,false,false,true
446,munchlax,小卡比兽,1,12,,1,50,70,40,true,false,false,true
447,riolu,利欧路,2,6,,1,75,70,25,true,false,false,true
448,lucario,路卡利欧,2,6,,1,45,70,25,false,false,false,true
449,hippopotas,沙河马,3,8,,4,140,70,30,false,false,false,true
450,hippowdon,河马兽,3,8,,4,60,70,30,false,false,false,true
451,skorupi,钳尾蝎,7,14,,4,120,70,20,false,false,false,true
452,drapion,龙王蝎,7,14,,4,45,70,20,false,false,false,true
453,croagunk,不良蛙,2,12,,4,140,100,10,false,false,false,true
454,toxicroak,毒骷蛙,2,12,,4,75,70,20,false,false,false,true
455,carnivine,尖牙笼,5,10,,4,200,70,25,false,false,false,true
456,finneon,荧光鱼,2,3,,4,190,70,20,false,false,false,true
457,lumineon,霓虹鱼,2,3,,4,75,70,20,false,false,false,true
458,mantyke,小球飞鱼,2,9,,4,25,70,25,true,false,false,true
459,snover,雪笠怪,9,6,,4,120,70,20,false,false,false,true
460,abomasnow,暴雪王,9,6,,4,60,70,20,false,false,false,true
461,weavile,玛狃拉,1,6,,4,45,35,20,false,false,false,true
462,magnezone,自爆磁怪,4,4,,-1,30,70,20,false,false,false,true
463,lickilicky,大舌舔,6,12,,4,30,70,20,false,false,false,true
464,rhyperior,超甲狂犀,4,6,,4,30,70,20,false,false,false,true
465,tangrowth,巨蔓藤,2,12,,4,30,70,20,false,false,false,true
466,electivire,电击魔兽,10,6,,2,30,70,25,false,false,false,true
467,magmortar,鸭嘴炎兽,8,6,,2,30,70,25,false,false,false,true
468,togekiss,波克基斯,9,9,,1,30,70,10,false,false,false,true
469,yanmega,远古巨蜓,5,13,,4,30,70,20,false,false,false,true
470,leafeon,叶伊布,5,8,,1,45,35,35,false,false,false,true
471,glaceon,冰伊布,2,8,,1,45,35,35,false,false,false,true
472,gliscor,天蝎王,7,9,,4,30,70,20,false,false,false,true
473,mamoswine,象牙猪,3,8,,4,50,70,20,false,false,false,true
474,porygon-z,多边兽乙型,8,4,,-1,30,70,20,false,false,false,true
475,gallade,艾路雷朵,9,12,,0,45,35,20,false,false,false,true
476,probopass,大朝北鼻,4,11,,4,60,70,20,false,false,false,true
477,dusknoir,黑夜魔灵,1,4,,4,45,35,25,false,false,false,true
478,froslass,雪妖女,9,4,,8,75,70,20,false,false,false,true
479,rotom,洛托姆,8,1,,-1,45,70,20,false,false,false,true
480,uxie,由克希,10,6,,-1,3,140,80,false,true,false,true
481,mesprit,艾姆利多,6,6,,-1,3,140,80,false,true,false,true
482,azelf,亚克诺姆,2,6,,-1,3,140,80,false,true,false,true
483,dialga,帝牙卢卡,9,8,,-1,3,0,120,false,true,false,true
484,palkia,帕路奇亚,7,6,,-1,3,0,120,false,true,false,true
485,heatran,席多蓝恩,3,8,,4,3,100,10,false,true,false,true
486,regigigas,雷吉奇卡斯,9,12,,-1,3,0,120,false,true,false,true
487,giratina,骑拉帝纳,1,10,,-1,3,0,120,false,true,false,true
488,cresselia,克雷色利亚,10,2,,8,3,100,120,false,true,false,true
489,phione,霏欧纳,2,4,,-1,30,70,40,false,false,true,true
490,manaphy,玛纳霏,2,12,,-1,3,70,10,false,false,true,true
491,darkrai,达克莱伊,1,12,,-1,3,0,120,false,false,true,true
492,shaymin,谢米,5,8,,-1,45,100,120,false,false,true,true
493,arceus,阿尔宙斯,9,8,,-1,3,0,120,false,false,true,true
494,victini,比克提尼,10,12,,-1,3,100,120,false,false,true,true
495,snivy,藤藤蛇,5,6,,1,45,70,20,false,false,false,true
496,servine,青藤蛇,5,6,,1,45,70,20,false,false,false,true
497,serperior,君主蛇,5,2,,1,45,70,20,false,false,false,true
498,tepig,暖暖猪,8,8,,1,45,70,20,false,false,false,true
499,pignite,炒炒猪,8,6,,1,45,70,20,false,false,false,true
500,emboar,炎武王,8,6,,1,45,70,20,false,false,false,true
501,oshawott,水水獭,2,6,,1,45,70,20,false,false,false,true
502,dewott,双刃丸,2,6,,1,45,70,20,false,false,false,true
503,samurott,大剑鬼,2,8,,1,45,70,20,false,false,false,true
504,patrat,探探鼠,3,8,,4,255,70,15,false,false,false,true
505,watchog,步哨鼠,3,6,,4,255,70,20,false,false,false,true
506,lillipup,小约克,3,8,,4,255,70,15,false,false,false,true
507,herdier,哈约克,4,8,,4,120,70,15,false,false,false,true
508,stoutland,长毛狗,4,8,,4,45,70,15,false,false,false,true
509,purrloin,扒手猫,7,8,,4,255,70,20,false,false,false,true
510,liepard,酷豹,7,8,,4,90,70,20,false,false,false,true
511,pansage,花椰猴,5,6,,1,190,70,20,false,false,false,true
512,simisage,花椰猿,5,6,,1,75,70,20,false,false,false,true
513,pansear,爆香猴,8,6,,1,190,70,20,false,false,false,true
514,simisear,爆香猿,8,6,,1,75,70,20,false,false,false,true
515,panpour,冷水猴,2,6,,1,190,70,20,false,false,false,true
516,simipour,冷水猿,2,6,,1,75,70,20,false,false,false,true
517,munna,食梦梦,6,8,,4,190,70,10,false,false,false,true
518,musharna,梦梦蚀,6,12,,4,75,70,10,false,false,false,true
519,pidove,豆豆鸽,4,9,,4,255,70,15,false,false,false,true
520,tranquill,咕咕鸽,4,9,,4,120,70,15,false,false,false,true
521,unfezant,高傲雉鸡,4,9,,4,45,70,15,false,false,false,true
522,blitzle,斑斑马,1,8,,4,190,70,20,false,false,false,true
523,zebstrika,雷电斑马,1,8,,4,75,70,20,false,false,false,true
524,roggenrola,石丸子,2,7,,4,255,70,15,false,false,false,true
525,boldore,地幔岩,2,10,,4,120,70,15,false,false,false,true
526,gigalith,庞岩怪,2,10,,4,45,70,15,false,false,false,true
527,woobat,滚滚蝙蝠,2,9,,4,190,70,15,false,false,false,true
528,swoobat,心蝙蝠,2,9,,4,45,70,15,false,false,false,true
529,drilbur,螺钉地鼠,4,6,,4,120,70,20,false,false,false,true
530,excadrill,龙头地鼠,4,12,,4,60,70,20,false,false,false,true
531,audino,差不多娃娃,6,6,,4,255,70,20,false,false,false,true
532,timburr,搬运小匠,4,12,,2,180,70,20,false,false,false,true
533,gurdurr,铁骨土人,4,12,,2,90,70,20,false,false,false,true
534,conkeldurr,修建老匠,3,12,,2,45,70,20,false,false,false,true
535,tympole,圆蝌蚪,2,3,,4,255,70,20,false,false,false,true
536,palpitoad,蓝蟾蜍,2,6,,4,120,70,20,false,false,false,true
537,seismitoad,蟾蜍王,2,12,,4,45,70,20,false,false,false,true
538,throh,投摔鬼,8,12,,0,45,70,20,false,false,false,true
539,sawk,打击鬼,2,12,,0,45,70,20,false,false,false,true
540,sewaddle,虫宝包,10,14,,4,255,70,15,false,false,false,true
541,swadloon,宝包茧,5,4,,4,120,70,15,false,false,false,true
542,leavanny,保姆虫,10,12,,4,45,70,15,false,false,false,true
543,venipede,百足蜈蚣,8,14,,4,255,70,15,false,false,false,true
544,whirlipede,车轮球,4,1,,4,120,70,15,false,false,false,true
545,scolipede,蜈蚣王,8,14,,4,45,70,20,false,false,false,true
546,cottonee,木棉球,5,1,,4,190,70,20,false,false,false,true
547,whimsicott,风妖精,5,12,,4,75,70,20,false,false,false,true
548,petilil,百合根娃娃,5,5,,8,190,70,20,false,false,false,true
549,lilligant,裙儿小姐,5,5,,8,75,70,20,false,false,false,true
550,basculin,野蛮鲈鱼,5,3,,4,25,70,40,false,false,false,true
551,sandile,黑眼鳄,3,8,,4,180,70,20,false,false,false,true
552,krokorok,混混鳄,3,8,,4,90,70,20,false,false,false,true
553,krookodile,流氓鳄,8,6,,4,45,70,20,false,false,false,true
554,darumaka,火红不倒翁,8,12,,4,120,70,20,false,false,false,true
555,darmanitan,达摩狒狒,8,8,,4,60,70,20,false,false,false,true
556,maractus,沙铃仙人掌,5,5,,4,255,70,20,false,false,false,true
557,dwebble,石居蟹,8,14,,4,190,70,20,false,false,false,true
558,crustle,岩殿居蟹,8,14,,4,75,70,20,false,false,false,true
559,scraggy,滑滑小子,10,6,,4,180,35,15,false,false,false,true
560,scrafty,头巾混混,8,6,,4,90,70,15,false,false,false,true
561,sigilyph,象征鸟,1,9,,4,45,70,20,false,false,false,true
562,yamask,哭哭面具,1,4,,4,190,70,25,false,false,false,true
563,cofagrigus,迭失棺,10,5,,4,90,70,25,false,false,false,true
564,tirtouga,原盖海龟,2,8,,1,45,70,30,false,false,false,true
565,carracosta,肋骨海龟,2,6,,1,45,70,30,false,false,false,true
566,archen,始祖小鸟,10,9,,1,45,70,30,false,false,false,true
567,archeops,始祖大鸟,10,9,,1,45,70,30,false,false,false,true
568,trubbish,破破袋,5,12,,4,190,70,20,false,false,false,true
569,garbodor,灰尘山,5,12,,4,60,70,20,false,false,false,true
570,zorua,索罗亚,4,8,,1,75,70,25,false,false,false,true
571,zoroark,索罗亚克,4,6,,1,45,70,20,false,false,false,true
572,minccino,泡沫栗鼠,4,8,,6,255,70,15,false,false,false,true
573,cinccino,奇诺栗鼠,4,8,,6,60,70,15,false,false,false,true
574,gothita,哥德宝宝,7,12,,6,200,70,20,false,false,false,true
575,gothorita,哥德小童,7,12,,6,100,70,20,false,false,false,true
576,gothitelle,哥德小姐,7,12,,6,50,70,20,false,false,false,true
577,solosis,单卵细胞球,5,1,,4,200,70,20,false,false,false,true
578,duosion,双卵细胞球,5,1,,4,100,70,20,false,false,false,true
579,reuniclus,人造细胞卵,5,4,,4,50,70,20,false,false,false,true
580,ducklett,鸭宝宝,2,9,,4,190,70,20,false,false,false,true
581,swanna,舞天鹅,9,9,,4,45,70,20,false,false,false,true
582,vanillite,迷你冰,9,5,,4,255,70,20,false,false,false,true
583,vanillish,多多冰,9,5,,4,120,70,20,false,false,false,true
584,vanilluxe,双倍多多冰,9,11,,4,45,70,20,false,false,false,true
585,deerling,四季鹿,6,8,,4,190,70,20,false,false,false,true
586,sawsbuck,萌芽鹿,3,8,,4,75,70,20,false,false,false,true
587,emolga,电飞鼠,9,8,,4,200,70,20,false,false,false,true
588,karrablast,盖盖虫,2,12,,4,200,70,15,false,false,false,true
589,escavalier,骑士蜗牛,4,4,,4,75,70,15,false,false,false,true
590,foongus,哎呀球菇,9,4,,4,190,70,20,false,false,false,true
591,amoonguss,败露球菇,9,4,,4,75,70,20,false,false,false,true
592,frillish,轻飘飘,9,10,,4,190,70,20,false,false,false,true
593,jellicent,胖嘟嘟,9,10,,4,60,70,20,false,false,false,true
594,alomomola,保姆曼波,6,3,,4,75,70,40,false,false,false,true
595,joltik,电电虫,10,14,,4,190,70,20,false,false,false,true
596,galvantula,电蜘蛛,10,14,,4,75,70,20,false,false,false,true
597,ferroseed,种子铁球,4,1,,4,255,70,20,false,false,false,true
598,ferrothorn,坚果哑铃,4,10,,4,90,70,20,false,false,false,true
599,klink,齿轮儿,4,11,,-1,130,70,20,false,false,false,true
600,klang,齿轮组,4,11,,-1,60,70,20,false,false,false,true
601,klinklang,齿轮怪,4,11,,-1,30,70,20,false,false,false,true
602,tynamo,麻麻小鱼,9,3,,4,190,70,20,false,false,false,true
603,eelektrik,麻麻鳗,2,3,,4,60,70,20,false,false,false,true
604,eelektross,麻麻鳗鱼王,2,3,,4,30,70,20,false,false,false,true
605,elgyem,小灰怪,2,6,,4,255,70,20,false,false,false,true
606,beheeyem,大宇怪,3,12,,4,90,70,20,false,false,false,true
607,litwick,烛光灵,9,5,,4,190,70,20,false,false,false,true
608,lampent,灯火幽灵,1,4,,4,90,70,20,false,false,false,true
609,chandelure,水晶灯火灵,1,4,,4,45,70,20,false,false,false,true
610,axew,牙牙,5,6,,4,75,35,40,false,false,false,true
611,fraxure,斧牙龙,5,6,,4,60,35,40,false,false,false,true
612,haxorus,双斧战龙,10,6,,4,45,35,40,false,false,false,true
613,cubchoo,喷嚏熊,9,6,,4,120,70,20,false,false,false,true
614,beartic,冻原熊,9,8,,4,60,70,20,false,false,false,true
615,cryogonal,几何雪花,2,1,,-1,25,70,25,false,false,false,true
616,shelmet,小嘴蜗,8,1,,4,200,70,15,false,false,false,true
617,accelgor,敏捷虫,8,4,,4,75,70,15,false,false,false,true
618,stunfisk,泥巴鱼,3,3,,4,75,70,20,false,false,false,true
619,mienfoo,功夫鼬,10,6,,4,180,70,25,false,false,false,true
620,mienshao,师父鼬,7,6,,4,45,70,25,false,false,false,true
621,druddigon,赤面龙,8,6,,4,45,70,30,false,false,false,true
622,golett,泥偶小人,5,12,,-1,190,70,25,false,false,false,true
623,golurk,泥偶巨人,5,12,,-1,90,70,25,false,false,false,true
624,pawniard,驹刀小兵,8,12,,4,120,35,20,false,false,false,true
625,bisharp,劈斩司令,8,12,,4,45,35,20,false,false,false,true
626,bouffalant,爆炸头水牛,3,8,,4,45,70,20,false,false,false,true
627,rufflet,毛头小鹰,9,9,,0,190,70,20,false,false,false,true
628,braviary,勇士雄鹰,8,9,,0,60,70,20,false,false,false,true
629,vullaby,秃鹰丫头,3,9,,8,190,35,20,false,false,false,true
630,mandibuzz,秃鹰娜,3,9,,8,60,35,20,false,false,false,true
631,heatmor,熔蚁兽,8,6,,4,90,70,20,false,false,false,true
632,durant,铁蚁,4,14,,4,90,70,20,false,false,false,true
633,deino,单首龙,2,8,,4,45,35,40,false,false,false,true
634,zweilous,双首暴龙,2,8,,4,45,35,40,false,false,false,true
635,hydreigon,三首恶龙,2,6,,4,45,35,40,false,false,false,true
636,larvesta,燃烧虫,9,14,,4,45,70,40,false,false,false,true
637,volcarona,火神蛾,9,13,,4,15,70,40,false,false,false,true
638,cobalion,勾帕路翁,2,8,,-1,3,35,80,false,true,false,true
639,terrakion,代拉基翁,4,8,,-1,3,35,80,false,true,false,true
640,virizion,毕力吉翁,5,8,,-1,3,35,80,false,true,false,true
641,tornadus,龙卷云,5,4,,0,3,90,120,false,true,false,true
642,thundurus,雷电云,2,4,,0,3,90,120,false,true,false,true
643,reshiram,莱希拉姆,9,9,,-1,3,0,120,false,true,false,true
644,zekrom,捷克罗姆,1,6,,-1,3,0,120,false,true,false,true
645,landorus,土地云,3,4,,0,3,90,120,false,true,false,true
646,kyurem,酋雷姆,4,6,,-1,3,0,120,false,true,false,true
647,keldeo,凯路迪欧,10,8,,-1,3,35,80,false,false,true,true
648,meloetta,美洛耶塔,9,12,,-1,3,100,120,false,false,true,true
649,genesect,盖诺赛克特,7,12,,-1,3,0,120,false,false,true,true
650,chespin,哈力栗,5,6,,1,45,70,20,false,false,false,true
651,quilladin,胖胖哈力,5,6,,1,45,70,20,false,false,false,true
652,chesnaught,布里卡隆,5,6,,1,45,70,20,false,false,false,true
653,fennekin,火狐狸,8,8,,1,45,70,20,false,false,false,true
654,braixen,长尾火狐,8,6,,1,45,70,20,false,false,false,true
655,delphox,妖火红狐,8,6,,1,45,70,20,false,false,false,true
656,froakie,呱呱泡蛙,2,8,,1,45,70,20,false,false,false,true
657,frogadier,呱头蛙,2,12,,1,45,70,20,false,false,false,true
658,greninja,甲贺忍蛙,2,12,,1,45,70,20,false,false,false,true
659,bunnelby,掘掘兔,3,6,,4,255,70,15,false,false,false,true
660,diggersby,掘地兔,3,6,,4,127,70,15,false,false,false,true
661,fletchling,小箭雀,8,9,,4,255,70,15,false,false,false,true
662,fletchinder,火箭雀,8,9,,4,120,70,15,false,false,false,true
663,talonflame,烈箭鹰,8,9,,4,45,70,15,false,false,false,true
664,scatterbug,粉蝶虫,1,14,,4,255,70,15,false,false,false,true
665,spewpa,粉蝶蛹,1,5,,4,120,70,15,false,false,false,true
666,vivillon,彩粉蝶,9,13,,4,45,70,15,false,false,false,true
667,litleo,小狮狮,3,8,,7,220,70,20,false,false,false,true
668,pyroar,火炎狮,3,8,,7,65,70,20,false,false,false,true
669,flabebe,花蓓蓓,9,4,,8,225,70,20,false,false,false,true
670,floette,花叶蒂,9,4,,8,120,70,20,false,false,false,true
671,florges,花洁夫人,9,4,,8,45,70,20,false,false,false,true
672,skiddo,坐骑小羊,3,8,,4,200,70,20,false,false,false,true
673,gogoat,坐骑山羊,3,8,,4,45,70,20,false,false,false,true
674,pancham,顽皮熊猫,9,6,,4,220,70,25,false,false,false,true
675,pangoro,霸道熊猫,9,12,,4,65,70,25,false,false,false,true
676,furfrou,多丽米亚,9,8,,4,160,70,20,false,false,false,true
677,espurr,妙喵,4,6,,4,190,70,20,false,false,false,true
678,meowstic,超能妙喵,2,6,,4,75,70,20,false,false,false,true
679,honedge,独剑鞘,3,5,,4,180,70,20,false,false,false,true
680,doublade,双剑鞘,3,11,,4,90,70,20,false,false,false,true
681,aegislash,坚盾剑怪,3,5,,4,45,70,20,false,false,false,true
682,spritzee,粉香香,6,4,,4,200,70,20,false,false,false,true
683,aromatisse,芳香精,6,12,,4,140,70,20,false,false,false,true
684,swirlix,绵绵泡芙,9,7,,4,200,70,20,false,false,false,true
685,slurpuff,胖甜妮,9,12,,4,140,70,20,false,false,false,true
686,inkay,好啦鱿,2,10,,4,190,70,20,false,false,false,true
687,malamar,乌贼王,2,5,,4,80,70,20,false,false,false,true
688,binacle,龟脚脚,3,11,,4,120,70,20,false,false,false,true
689,barbaracle,龟足巨铠,3,11,,4,45,70,20,false,false,false,true
690,skrelp,垃垃藻,3,5,,4,225,70,20,false,false,false,true
691,dragalge,毒藻龙,3,5,,4,55,70,20,false,false,false,true
692,clauncher,铁臂枪虾,2,14,,4,225,70,15,false,false,false,true
693,clawitzer,钢炮臂虾,2,2,,4,55,70,15,false,false,false,true
694,helioptile,伞电蜥,10,6,,4,190,70,20,false,false,false,true
695,heliolisk,光电伞蜥,10,6,,4,75,70,20,false,false,false,true
696,tyrunt,宝宝暴龙,3,6,,1,45,70,30,false,false,false,true
697,tyrantrum,怪颚龙,8,6,,1,45,70,30,false,false,false,true
698,amaura,冰雪龙,2,8,,1,45,70,30,false,false,false,true
699,aurorus,冰雪巨龙,2,8,,1,45,70,30,false,false,false,true
700,sylveon,仙子伊布,6,8,,1,45,70,35,false,false,false,true
701,hawlucha,摔角鹰人,5,12,,4,100,70,20,false,false,false,true
702,dedenne,咚咚鼠,10,6,,4,180,70,20,false,false,false,true
703,carbink,小碎钻,4,1,,-1,60,70,25,false,false,false,true
704,goomy,黏黏宝,7,2,,4,45,35,40,false,false,false,true
705,sliggoo,黏美儿,7,2,,4,45,35,40,false,false,false,true
706,goodra,黏美龙,7,6,,4,45,35,40,false,false,false,true
707,klefki,钥圈儿,4,1,,4,75,70,20,false,false,false,true
708,phantump,小木灵,3,4,,4,120,70,20,false,false,false,true
709,trevenant,朽木妖,3,10,,4,60,70,20,false,false,false,true
710,pumpkaboo,南瓜精,3,1,,4,120,70,20,false,false,false,true
711,gourgeist,南瓜怪人,3,5,,4,60,70,20,false,false,false,true
712,bergmite,冰宝,2,8,,4,190,70,20,false,false,false,true
713,avalugg,冰岩怪,2,8,,4,55,70,20,false,false,false,true
714,noibat,嗡蝠,7,9,,4,190,70,20,false,false,false,true
715,noivern,音波龙,7,9,,4,45,70,20,false,false,false,true
716,xerneas,哲尔尼亚斯,2,8,,-1,45,0,120,false,true,false,true
717,yveltal,伊裴尔塔尔,8,9,,-1,45,0,120,false,true,false,true
718,zygarde,基格尔德,5,2,,-1,3,0,120,false,true,false,true
719,diancie,蒂安希,6,4,,-1,3,70,25,false,false,true,true
720,hoopa,胡帕,7,4,,-1,3,100,120,false,false,true,true
721,volcanion,波尔凯尼恩,3,8,,-1,3,100,120,false,false,true,true
722,rowlet,木木枭,3,9,,1,45,70,15,false,false,false,true
723,dartrix,投羽枭,3,9,,1,45,70,15,false,false,false,true
724,decidueye,狙射树枭,3,9,,1,45,70,15,false,false,false,true
725,litten,火斑喵,8,8,,1,45,70,15,false,false,false,true
726,torracat,炎热喵,8,8,,1,45,70,15,false,false,false,true
727,incineroar,炽焰咆哮虎,8,6,,1,45,70,15,false,false,false,true
728,popplio,球球海狮,2,3,,1,45,70,15,false,false,false,true
729,brionne,花漾海狮,2,3,,1,45,70,15,false,false,false,true
730,primarina,西狮海壬,2,3,,1,45,70,15,false,false,false,true
731,pikipek,小笃儿,1,9,,4,255,70,15,false,false,false,true
732,trumbeak,喇叭啄鸟,1,9,,4,120,70,15,false,false,false,true
733,toucannon,铳嘴大鸟,1,9,,4,45,70,15,false,false,false,true
734,yungoos,猫鼬少,3,8,,4,255,70,15,false,false,false,true
735,gumshoos,猫鼬探长,3,8,,4,127,70,15,false,false,false,true
736,grubbin,强颚鸡母虫,4,14,,4,255,70,15,false,false,false,true
737,charjabug,虫电宝,5,2,,4,120,70,15,false,false,false,true
738,vikavolt,锹农炮虫,2,14,,4,45,70,15,false,false,false,true
739,crabrawler,好胜蟹,7,14,,4,225,70,20,false,false,false,true
740,crabominable,好胜毛蟹,9,14,,4,60,70,20,false,false,false,true
741,oricorio,花舞鸟,8,9,,6,45,70,20,false,false,false,true
742,cutiefly,萌虻,10,14,,4,190,70,20,false,false,false,true
743,ribombee,蝶结萌虻,10,13,,4,75,70,20,false,false,false,true
744,rockruff,岩狗狗,3,8,,4,190,70,15,false,false,false,true
745,lycanroc,鬃岩狼人,3,8,,4,90,70,15,false,false,false,true
746,wishiwashi,弱丁鱼,2,3,,4,60,70,15,false,false,false,true
747,mareanie,好坏星,2,5,,4,190,70,20,false,false,false,true
748,toxapex,超坏星,2,10,,4,75,70,20,false,false,false,true
749,mudbray,泥驴仔,3,8,,4,190,70,20,false,false,false,true
750,mudsdale,重泥挽马,3,8,,4,60,70,20,false,false,false,true
751,dewpider,滴蛛,5,7,,4,200,70,15,false,false,false,true
752,araquanid,滴蛛霸,5,14,,4,100,70,15,false,false,false,true
753,fomantis,伪螳草,6,6,,4,190,70,20,false,false,false,true
754,lurantis,兰螳花,6,12,,4,75,70,20,false,false,false,true
755,morelull,睡睡菇,7,5,,4,190,70,20,false,false,false,true
756,shiinotic,灯罩夜菇,7,12,,4,75,70,20,false,false,false,true
757,salandit,夜盗火蜥,1,8,,1,120,70,20,false,false,false,true
758,salazzle,焰后蜥,1,8,,8,45,70,20,false,false,false,true
759,stufful,童偶熊,6,8,,4,140,70,15,false,false,false,true
760,bewear,穿着熊,6,6,,4,70,70,15,false,false,false,true
761,bounsweet,甜竹竹,7,7,,8,235,70,20,false,false,false,true
762,steenee,甜舞妮,7,12,,8,120,70,20,false,false,false,true
763,tsareena,甜冷美后,7,12,,8,45,70,20,false,false,false,true
764,comfey,花疗环环,5,1,,6,60,70,20,false,false,false,true
765,oranguru,智挥猩,9,12,,4,45,70,20,false,false,false,true
766,passimian,投掷猴,9,6,,4,45,70,20,false,false,false,true
767,wimpod,胆小虫,4,10,,4,90,70,20,false,false,false,true
768,golisopod,具甲武者,4,12,,4,45,70,20,false,false,false,true
769,sandygast,沙丘娃,3,2,,4,140,70,15,false,false,false,true
770,palossand,噬沙堡爷,3,2,,4,60,70,15,false,false,false,true
771,pyukumuku,拳海参,1,2,,4,60,70,15,false,false,false,true
772,type-null,属性：空,4,8,,-1,3,0,120,false,true,false,true
773,silvally,银伴战兽,4,8,,-1,3,0,120,false,true,false,true
774,minior,小陨星,3,1,,-1,30,70,25,false,false,false,true
775,komala,树枕尾熊,2,12,,4,45,70,20,false,false,false,true
776,turtonator,爆焰龟兽,8,6,,4,70,70,20,false,false,false,true
777,togedemaru,托戈德玛尔,4,6,,4,180,70,10,false,false,false,true
778,mimikyu,谜拟丘,10,2,,4,45,70,20,false,false,false,true
779,bruxish,磨牙彩皮鱼,6,3,,4,80,70,15,false,false,false,true
780,drampa,老翁龙,9,2,,4,70,70,20,false,false,false,true
781,dhelmise,破破舵轮,5,5,,-1,25,70,25,false,false,false,true
782,jangmo-o,心鳞宝,4,8,,4,45,70,40,false,false,false,true
783,hakamo-o,鳞甲龙,4,6,,4,45,70,40,false,false,false,true
784,kommo-o,杖尾鳞甲龙,4,6,,4,45,70,40,false,false,false,true
785,tapu-koko,卡璞・鸣鸣,10,4,,-1,3,70,15,false,true,false,true
786,tapu-lele,卡璞・蝶蝶,6,4,,-1,3,70,15,false,true,false,true
787,tapu-bulu,卡璞・哞哞,8,4,,-1,3,70,15,false,true,false,true
788,tapu-fini,卡璞・鳍鳍,7,4,,-1,3,70,15,false,true,false,true
789,cosmog,科斯莫古,2,1,,-1,45,0,120,false,true,false,true
790,cosmoem,科斯莫姆,2,1,,-1,45,0,120,false,true,false,true
791,solgaleo,索尔迦雷欧,9,8,,-1,45,0,120,false,true,false,true
792,lunala,露奈雅拉,7,9,,-1,45,0,120,false,true,false,true
793,nihilego,虚吾伊德,9,10,,-1,45,0,120,false,false,false,true
794,buzzwole,爆肌蚊,8,10,,-1,45,0,120,false,false,false,true
795,pheromosa,费洛美螂,9,12,,-1,45,0,120,false,false,false,true
796,xurkitree,电束木,1,6,,-1,45,0,120,false,false,false,true
797,celesteela,铁火辉夜,5,12,,-1,45,0,120,false,false,false,true
798,kartana,纸御剑,9,12,,-1,45,0,120,false,false,false,true
799,guzzlord,恶食大王,1,6,,-1,45,0,120,false,false,false,true
800,necrozma,奈克洛兹玛,1,4,,-1,255,0,120,false,true,false,true
801,magearna,玛机雅娜,4,12,,-1,3,0,120,false,false,true,true
802,marshadow,玛夏多,4,12,,-1,3,0,120,false,false,true,true
803,poipole,毒贝比,7,6,,-1,45,0,120,false,false,false,true
804,naganadel,四颚针龙,7,9,,-1,45,0,120,false,false,false,true
805,stakataka,垒磊石,4,8,,-1,30,0,120,false,false,false,true
806,blacephalon,砰头小丑,9,12,,-1,30,0,120,false,false,false,true
807,zeraora,捷拉奥拉,10,12,,-1,3,0,120,false,false,true,true
808,meltan,美录坦,4,1,,-1,3,0,120,false,false,true,true
809,melmetal,美录梅塔,4,12,,-1,3,0,120,false,false,true,true
810,grookey,敲音猴,5,6,,1,45,50,20,false,false,false,true
811,thwackey,啪咚猴,5,6,,1,45,50,20,false,false,false,true
812,rillaboom,轰擂金刚猩,5,12,,1,45,50,20,false,false,false,true
813,scorbunny,炎兔儿,9,6,,1,45,50,20,false,false,false,true
814,raboot,腾蹴小将,4,6,,1,45,50,20,false,false,false,true
815,cinderace,闪焰王牌,9,6,,1,45,50,20,false,false,false,true
816,sobble,泪眼蜥,2,8,,1,45,50,20,false,false,false,true
817,drizzile,变涩蜥,2,6,,1,45,50,20,false,false,false,true
818,inteleon,千面避役,2,6,,1,45,50,20,false,false,false,true
819,skwovet,贪心栗鼠,3,6,,4,255,50,20,false,false,false,true
820,greedent,藏饱栗鼠,3,6,,4,90,50,20,false,false,false,true
821,rookidee,稚山雀,2,9,,4,255,50,15,false,false,false,true
822,corvisquire,蓝鸦,2,9,,4,120,50,15,false,false,false,true
823,corviknight,钢铠鸦,7,9,,4,45,50,15,false,false,false,true
824,blipbug,索侦虫,2,14,,4,255,50,15,false,false,false,true
825,dottler,天罩虫,10,14,,4,120,50,15,false,false,false,true
826,orbeetle,以欧路普,8,9,,4,45,50,15,false,false,false,true
827,nickit,狡小狐,3,8,,4,255,50,15,false,false,false,true
828,thievul,猾大狐,3,8,,4,127,50,15,false,false,false,true
829,gossifleur,幼棉棉,5,5,,4,190,50,20,false,false,false,true
830,eldegoss,白蓬蓬,5,5,,4,75,50,20,false,false,false,true
831,wooloo,毛辫羊,9,8,,4,255,50,15,false,false,false,true
832,dubwool,毛毛角羊,9,8,,4,127,50,15,false,false,false,true
833,chewtle,咬咬龟,5,8,,4,255,50,20,false,false,false,true
834,drednaw,暴噬龟,5,8,,4,75,50,20,false,false,false,true
835,yamper,来电汪,10,8,,4,255,50,20,false,false,false,true
836,boltund,逐电犬,10,8,,4,45,50,20,false,false,false,true
837,rolycoly,小炭仔,1,1,,4,255,50,15,false,false,false,true
838,carkol,大炭车,1,7,,4,120,50,15,false,false,false,true
839,coalossal,巨炭山,1,12,,4,45,50,15,false,false,false,true
840,applin,啃果虫,5,2,,4,255,50,20,false,false,false,true
841,flapple,苹裹龙,5,9,,4,45,50,20,false,false,false,true
842,appletun,丰蜜龙,5,8,,4,45,50,20,false,false,false,true
843,silicobra,沙包蛇,5,2,,4,255,50,20,false,false,false,true
844,sandaconda,沙螺蟒,5,2,,4,120,50,20,false,false,false,true
845,cramorant,古月鸟,2,9,,4,45,50,20,false,false,false,true
846,arrokuda,刺梭鱼,3,3,,4,255,50,20,false,false,false,true
847,barraskewda,戽斗尖梭,3,3,,4,60,50,20,false,false,false,true
848,toxel,电音婴,7,6,,4,75,50,25,true,false,false,true
849,toxtricity,颤弦蝾螈,7,6,,4,45,50,25,false,false,false,true
850,sizzlipede,烧火蚣,8,10,,4,190,50,20,false,false,false,true
851,centiskorch,焚焰蚣,8,10,,4,75,50,20,false,false,false,true
852,clobbopus,拳拳蛸,3,10,,4,180,50,25,false,false,false,true
853,grapploct,八爪武师,2,10,,4,45,50,25,false,false,false,true
854,sinistea,来悲茶,7,1,,-1,120,50,20,false,false,false,true
855,polteageist,怖思壶,7,1,,-1,60,50,20,false,false,false,true
856,hatenna,迷布莉姆,6,7,,8,235,50,20,false,false,false,true
857,hattrem,提布莉姆,6,12,,8,120,50,20,false,false,false,true
858,hatterene,布莉姆温,6,5,,8,45,50,20,false,false,false,true
859,impidimp,捣蛋小妖,6,12,,0,255,50,20,false,false,false,true
860,morgrem,诈唬魔,6,12,,0,120,50,20,false,false,false,true
861,grimmsnarl,长毛巨魔,7,12,,0,45,50,20,false,false,false,true
862,obstagoon,堵拦熊,4,6,,4,45,50,15,false,false,false,true
863,perrserker,喵头目,3,6,,4,90,50,20,false,false,false,true
864,cursola,魔灵珊瑚,9,4,,6,30,50,20,false,false,false,true
865,sirfetchd,葱游兵,9,9,,4,45,50,20,false,false,false,true
866,mr-rime,踏冰人偶,7,12,,4,45,50,25,false,false,false,true
867,runerigus,迭失板,4,5,,4,90,50,25,false,false,false,true
868,milcery,小仙奶,9,1,,8,200,50,20,false,false,false,true
869,alcremie,霜奶仙,9,5,,8,100,50,20,false,false,false,true
870,falinks,列阵兵,10,11,,-1,45,50,25,false,false,false,true
871,pincurchin,啪嚓海胆,7,10,,4,75,50,20,false,false,false,true
872,snom,雪吞虫,9,2,,4,190,50,20,false,false,false,true
873,frosmoth,雪绒蛾,9,13,,4,75,50,20,false,false,false,true
874,stonjourner,巨石丁,4,7,,4,60,50,25,false,false,false,true
875,eiscue,冰砌鹅,2,6,,4,60,50,25,false,false,false,true
876,indeedee,爱管侍,7,6,,4,30,140,40,false,false,false,true
877,morpeko,莫鲁贝可,10,12,,4,180,50,10,false,false,false,true
878,cufant,铜象,10,8,,4,190,50,25,false,false,false,true
879,copperajah,大王铜象,5,8,,4,90,50,25,false,false,false,true
880,dracozolt,雷鸟龙,5,6,,-1,45,50,35,false,false,false,true
881,arctozolt,雷鸟海兽,2,6,,-1,45,50,35,false,false,false,true
882,dracovish,鳃鱼龙,5,7,,-1,45,50,35,false,false,false,true
883,arctovish,鳃鱼海兽,2,3,,-1,45,50,35,false,false,false,true
884,duraludon,铝钢龙,9,6,,4,45,50,30,false,false,false,true
885,dreepy,多龙梅西亚,5,2,,4,45,50,40,false,false,false,true
886,drakloak,多龙奇,5,4,,4,45,50,40,false,false,false,true
887,dragapult,多龙巴鲁托,5,6,,4,45,50,40,false,false,false,true
888,zacian,苍响,2,8,,-1,10,0,120,false,true,false,true
889,zamazenta,藏玛然特,8,8,,-1,10,0,120,false,true,false,true
890,eternatus,无极汰那,7,9,,-1,255,0,120,false,true,false,true
891,kubfu,熊徒弟,4,6,,1,3,50,120,false,true,false,true
892,urshifu,武道熊师,4,12,,1,3,50,120,false,true,false,true
893,zarude,萨戮德,5,6,,-1,3,0,120,false,false,true,true
894,regieleki,雷吉艾勒奇,10,12,,-1,3,35,120,false,true,false,true
895,regidrago,雷吉铎拉戈,5,12,,-1,3,35,120,false,true,false,true
896,glastrier,雪暴马,9,8,,-1,3,35,120,false,true,false,true
897,spectrier,灵幽马,1,8,,-1,3,35,120,false,true,false,true
898,calyrex,蕾冠王,5,12,,-1,3,100,120,false,true,false,true
899,wyrdeer,诡角鹿,4,8,,4,135,50,20,false,false,false,true
900,kleavor,劈斧螳螂,3,13,,4,115,50,20,false,false,false,true
901,ursaluna,月月熊,3,8,,4,75,50,20,false,false,false,true
902,basculegion,幽尾玄鱼,5,3,,4,135,50,20,false,false,false,true
903,sneasler,大狃拉,4,6,,4,135,50,20,false,false,false,true
904,overqwil,万针鱼,1,3,,4,135,50,20,false,false,false,true
905,enamorus,眷恋云,6,4,,8,3,50,20,false,true,false,true
906,sprigatito,新叶喵,5,8,,1,45,50,20,false,false,false,true
907,floragato,蒂蕾喵,5,6,,1,45,50,20,false,false,false,true
908,meowscarada,魔幻假面喵,5,6,,1,45,50,20,false,false,false,true
909,fuecoco,呆火鳄,8,6,,1,45,50,20,false,false,false,true
910,crocalor,炙烫鳄,8,6,,1,45,50,20,false,false,false,true
911,skeledirge,骨纹巨声鳄,8,8,,1,45,50,20,false,false,false,true
912,quaxly,润水鸭,9,6,,1,45,50,20,false,false,false,true
913,quaxwell,涌跃鸭,2,6,,1,45,50,20,false,false,false,true
914,quaquaval,狂欢浪舞鸭,2,6,,1,45,50,20,false,false,false,true
915,lechonk,爱吃豚,4,8,,4,255,50,15,false,false,false,true
916,oinkologne,飘香豚,4,8,,0,100,50,15,false,false,false,true
917,tarountula,团珠蛛,9,14,,4,255,50,15,false,false,false,true
918,spidops,操陷蛛,5,14,,4,120,50,15,false,false,false,true
919,nymble,豆蟋蟀,4,14,,4,190,20,20,false,false,false,true
920,lokix,烈腿蝗,4,12,,4,30,0,20,false,false,false,true
921,pawmi,布拨,10,8,,4,190,50,15,false,false,false,true
922,pawmo,布土拨,10,6,,4,80,50,15,false,false,false,true
923,pawmot,巴布土拨,10,6,,4,45,50,15,false,false,false,true
924,tandemaus,一对鼠,9,11,,-1,150,50,10,false,false,false,true
925,maushold,一家鼠,9,11,,-1,75,50,10,false,false,false,true
926,fidough,狗仔包,10,8,,4,190,50,20,false,false,false,true
927,dachsbun,麻花犬,3,8,,4,90,50,20,false,false,false,true
928,smoliv,迷你芙,5,7,,4,255,50,20,false,false,false,true
929,dolliv,奥利纽,5,12,,4,120,50,20,false,false,false,true
930,arboliva,奥利瓦,5,12,,4,45,50,20,false,false,false,true
931,squawkabilly,怒鹦哥,5,9,,4,190,50,15,false,false,false,true
932,nacli,盐石宝,3,1,,4,255,50,20,false,false,false,true
933,naclstack,盐石垒,3,8,,4,120,50,20,false,false,false,true
934,garganacl,盐石巨灵,3,12,,4,45,50,20,false,false,false,true
935,charcadet,炭小侍,8,12,,4,90,50,35,false,false,false,true
936,armarouge,红莲铠骑,8,12,,4,25,20,35,false,false,false,true
937,ceruledge,苍炎刃鬼,2,12,,4,25,20,35,false,false,false,true
938,tadbulb,光蚪仔,10,1,,4,190,50,20,false,false,false,true
939,bellibolt,电肚蛙,5,12,,4,50,50,20,false,false,false,true
940,wattrel,电海燕,1,9,,4,180,50,20,false,false,false,true
941,kilowattrel,大电海燕,10,9,,4,90,50,20,false,false,false,true
942,maschiff,偶叫獒,3,8,,4,150,50,20,false,false,false,true
943,mabosstiff,獒教父,4,8,,4,75,50,20,false,false,false,true
944,shroodle,滋汁鼹,4,8,,4,190,50,20,false,false,false,true
945,grafaiai,涂标客,4,6,,4,90,50,20,false,false,false,true
946,bramblin,纳噬草,3,1,,4,190,50,20,false,false,false,true
947,brambleghast,怖纳噬草,3,1,,4,45,50,20,false,false,false,true
948,toedscool,原野水母,10,7,,4,190,50,20,false,false,false,true
949,toedscruel,陆地水母,1,10,,4,90,50,20,false,false,false,true
950,klawf,毛崖蟹,8,14,,4,120,50,35,false,false,false,true
951,capsakid,热辣娃,5,6,,4,190,50,20,false,false,false,true
952,scovillain,狠辣椒,5,6,,4,75,50,20,false,false,false,true
953,rellor,虫滚泥,3,14,,4,190,50,20,false,false,false,true
954,rabsca,虫甲圣,5,14,,4,45,50,20,false,false,false,true
955,flittle,飘飘雏,10,7,,4,120,50,20,false,false,false,true
956,espathra,超能艳鸵,10,6,,4,60,50,20,false,false,false,true
957,tinkatink,小锻匠,6,12,,8,190,50,20,false,false,false,true
958,tinkatuff,巧锻匠,6,12,,8,90,50,20,false,false,false,true
959,tinkaton,巨锻匠,6,12,,8,45,50,20,false,false,false,true
960,wiglett,海地鼠,9,5,,4,255,50,20,false,false,false,true
961,wugtrio,三海地鼠,8,5,,4,50,50,20,false,false,false,true
962,bombirdier,下石鸟,9,9,,4,25,50,35,false,false,false,true
963,finizen,波普海豚,2,3,,4,200,50,40,false,false,false,true
964,palafin,海豚侠,2,3,,4,45,50,40,false,false,false,true
965,varoom,噗隆隆,4,7,,4,190,50,20,false,false,false,true
966,revavroom,普隆隆姆,4,7,,4,75,50,20,false,false,false,true
967,cyclizar,摩托蜥,5,8,,4,190,50,30,false,false,false,true
968,orthworm,拖拖蚓,6,2,,4,25,50,35,false,false,false,true
969,glimmet,晶光芽,2,1,,4,70,50,30,false,false,false,true
970,glimmora,晶光花,2,1,,4,25,50,30,false,false,false,true
971,greavard,墓仔狗,9,8,,4,120,50,20,false,false,false,true
972,houndstone,墓扬犬,9,8,,4,60,50,20,false,false,false,true
973,flamigo,纏红鹤,6,9,,4,100,50,20,false,false,false,true
974,cetoddle,走鲸,9,6,,4,150,50,25,false,false,false,true
975,cetitan,浩大鲸,9,6,,4,50,50,25,false,false,false,true
976,veluza,轻身鳕,4,3,,4,100,50,20,false,false,false,true
977,dondozo,吃吼霸,2,3,,4,25,50,40,false,false,false,true
978,tatsugiri,米立龙,6,3,,4,100,50,35,false,false,false,true
979,annihilape,弃世猴,4,12,,4,45,50,20,false,false,false,true
980,clodsire,土王,3,8,,4,90,50,20,false,false,false,true
981,farigiraf,奇麒麟,3,8,,4,45,50,20,false,false,false,true
982,dudunsparce,土龙节节,10,2,,4,45,50,20,false,false,false,true
983,kingambit,仆刀将军,1,12,,4,25,50,20,false,false,false,true
984,great-tusk,雄伟牙,7,8,,-1,30,0,50,false,false,false,true
985,scream-tail,吼叫尾,6,6,,-1,50,0,50,false,false,false,true
986,brute-bonnet,猛恶菇,4,8,,-1,50,0,50,false,false,false,true
987,flutter-mane,振翼发,4,9,,-1,30,0,50,false,false,false,true
988,slither-wing,爬地翅,8,8,,-1,30,0,50,false,false,false,true
989,sandy-shocks,沙铁皮,4,8,,-1,30,0,50,false,false,false,true
990,iron-treads,铁轍迹,4,8,,-1,30,0,50,false,false,false,true
991,iron-bundle,铁包袱,8,6,,-1,50,0,50,false,false,false,true
992,iron-hands,铁臂膀,4,12,,-1,50,0,50,false,false,false,true
993,iron-jugulis,铁脖颈,2,6,,-1,30,0,50,false,false,false,true
994,iron-moth,铁毒蛾,10,13,,-1,30,0,50,false,false,false,true
995,iron-thorns,铁荆棘,5,6,,-1,30,0,50,false,false,false,true
996,frigibax,凉脊龙,4,6,,4,45,50,40,false,false,false,true
997,arctibax,冻脊龙,4,6,,4,25,50,40,false,false,false,true
998,baxcalibur,戟脊龙,4,6,,4,10,50,40,false,false,false,true
999,gimmighoul,索财灵,3,5,,-1,45,50,50,false,false,false,true
1000,gholdengo,赛富豪,10,12,,-1,45,50,50,false,false,false,true
1001,wo-chien,古简蜗,3,2,,-1,6,0,50,false,true,false,true
1002,chien-pao,古剑豹,9,8,,-1,6,0,50,false,true,false,true
1003,ting-lu,古鼎鹿,3,8,,-1,6,0,50,false,true,false,true
1004,chi-yu,古玉鱼,8,3,,-1,6,0,50,false,true,false,true
1005,roaring-moon,轰鸣月,5,8,,-1,10,0,50,false,false,false,true
1006,iron-valiant,铁武者,9,12,,-1,10,0,50,false,false,false,true
1007,koraidon,故勒顿,8,6,,-1,3,0,50,false,true,false,true
1008,miraidon,密勒顿,2,8,,-1,3,0,50,false,true,false,true
1009,walking-wake,波荡水,2,6,,-1,5,0,50,false,false,false,true
1010,iron-leaves,铁斑叶,5,8,,-1,5,0,50,false,false,false,true
1011,dipplin,裹蜜虫,5,11,,4,45,50,20,false,false,false,true
1012,poltchageist,斯魔茶,5,1,,-1,120,50,50,false,false,false,true
1013,sinistcha,来悲粗茶,5,1,,-1,60,50,50,false,false,false,true
1014,okidogi,够赞狗,1,6,,0,3,0,50,false,true,false,true
1015,munkidori,愿增猿,1,12,,0,3,0,50,false,true,false,true
1016,fezandipiti,吉雉鸡,1,9,,0,3,0,50,false,true,false,true
1017,ogerpon,厄诡椪,5,12,,8,5,50,50,false,true,false,true
1018,archaludon,铝钢桥龙,9,6,,4,10,50,30,false,false,false,true
1019,hydrapple,蜜集大蛇,5,11,,4,10,50,20,false,false,false,true
1020,gouging-fire,破空焰,3,8,,-1,10,0,50,false,false,false,true
1021,raging-bolt,猛雷鼓,10,8,,-1,10,0,50,false,false,false,true
1022,iron-boulder,鐵磐岩,4,8,,-1,10,0,50,false,false,false,true
1023,iron-crown,鐵頭殼,2,8,,-1,10,0,50,false,false,false,true
1024,terapagos,太乐巴戈斯,2,8,,4,255,50,5,false,true,false,true
1025,pecharunt,桃歹郎,7,1,,-1,3,0,20,false,false,true,true
